Gene.Name,Presence.,Bigg.ID.Name,essential,beta,zscore,p.value,fdr
A4GALT,TRUE,53947_AT1,1,-0.10985,-0.92328,0.00024886,0.0014458
AACS,TRUE,65985_AT1,0,0.16067,1.2582,0.090668,0.19042
AADAC,TRUE,13_AT1,0,-0.02314,-0.25472,0.074658,0.16379
AADAT,TRUE,51166_AT1,0,0.059995,0.6344,0.93165,0.95812
AASS,TRUE,10157_AT1,0,-0.02127,-0.16418,0.082372,0.17685
ABAT,TRUE,18_AT1,1,-0.066658,-0.95423,0.0036499,0.013729
ABCA1,TRUE,19_AT1,0,0.029024,0.31814,0.57014,0.71408
ABCA3,TRUE,21_AT1,0,0.10938,0.96059,0.32899,0.49328
ABCA4,TRUE,24_AT1,1,-0.07621,-0.93693,0.0023227,0.0096886
ABCA8,TRUE,10351_AT1,0,0.13287,1.7658,0.18772,0.33601
ABCB1,TRUE,5243_AT1,0,0.11019,1.2461,0.3226,0.48655
ABCB11,TRUE,8647_AT1,0,0.222,1.643,0.01319,0.041732
ABCB4,TRUE,5244_AT1,0,-0.0016844,-0.019438,0.20008,0.34957
ABCB6,TRUE,10058_AT1,0,0.072094,0.68736,0.74442,0.84144
ABCC1,TRUE,4363_AT1,0,0.1964,1.5114,0.030859,0.083389
ABCC11,TRUE,85320_AT1,0,-0.020946,-0.23965,0.083534,0.17886
ABCC2,TRUE,1244_AT1,0,0.17196,1.7309,0.0618,0.14299
ABCC3,TRUE,8714_AT1,0,0.065509,0.66379,0.84247,0.90325
ABCC4,TRUE,10257_AT1,0,0.13652,1.5328,0.16956,0.31111
ABCC5,TRUE,10057_AT1,0,0.10068,0.76626,0.40182,0.56955
ABCC8,TRUE,6833_AT1,0,0.075732,0.69703,0.69639,0.80964
ABCC9,TRUE,10060_AT1,0,0.1179,1.4745,0.27159,0.43336
ABCD1,TRUE,215_AT1,0,0.099954,0.86067,0.40896,0.57661
ABCD2,TRUE,225_AT1,0,0.060482,0.86724,0.92343,0.95227
ABCD3,TRUE,5825_AT1,0,0.056745,0.61221,0.98648,0.99017
ABCG2,TRUE,9429_AT1,0,0.10772,0.82444,0.34193,0.50857
ABCG5,TRUE,64240_AT1,0,0.085316,0.84831,0.57528,0.71828
ABHD5,TRUE,51099_AT1,0,0.054901,0.7234,0.982,0.98815
ACAA1,TRUE,30_AT1,0,0.027036,0.30211,0.53621,0.69044
ACAA2,TRUE,10449_AT1,0,0.026721,0.26012,0.53123,0.68676
ACACA,TRUE,31_AT1,1,-0.22169,-2.4616,0,0
ACACB,TRUE,32_AT1,0,-0.030487,-0.43664,0.050767,0.12339
ACAD10,TRUE,80724_AT1,0,0.20297,1.3472,0.025964,0.07237
ACAD11,TRUE,84129_AT1,0,-0.013536,-0.22571,0.11746,0.23377
ACAD8,TRUE,27034_AT1,0,0.08715,0.55903,0.54965,0.69774
ACAD9,TRUE,28976_AT1,0,0.075041,0.82842,0.70386,0.81469
ACADL,TRUE,33_AT1,0,0.19061,0.90941,0.036168,0.093864
ACADM,TRUE,34_AT1,0,0.084486,0.97882,0.58507,0.72742
ACADS,TRUE,35_AT1,1,-0.097534,-1.3263,0.00091248,0.0047009
ACADSB,TRUE,36_AT1,0,-0.023867,-0.24942,0.072252,0.15952
ACADVL,TRUE,37_AT1,1,-0.044084,-0.45394,0.021983,0.062945
ACAT1,TRUE,38_AT1,0,-0.015027,-0.155,0.10933,0.22114
ACAT2,TRUE,39_AT1,0,0.081471,0.91638,0.62107,0.75703
ACE,TRUE,1636_AT1,1,-0.054083,-0.5909,0.011116,0.036364
ACE2,TRUE,59272_AT1,0,0.0811,0.8767,0.62596,0.76107
ACER1,TRUE,125981_AT1,0,-0.024447,-0.30186,0.070925,0.15804
ACER2,TRUE,340485_AT1,1,-0.036333,-0.29706,0.036251,0.093978
ACER3,TRUE,55331_AT1,0,0.015252,0.15015,0.37213,0.54277
ACHE,TRUE,43_AT1,1,-0.055151,-0.72199,0.01012,0.033471
ACLY,TRUE,47_AT1,1,-0.18413,-2.2345,0,0
ACO1,TRUE,48_AT1,0,0.065235,0.54568,0.84596,0.90555
ACO2,TRUE,50_AT1,1,-0.31922,-2.4241,0,0
ACOT1,TRUE,641371_AT1,0,-0.0037559,-0.046514,0.18416,0.33159
ACOT11,TRUE,26027_AT1,0,0.0099822,0.11051,0.30958,0.4736
ACOT12,TRUE,134526_AT1,0,0.053035,0.70848,0.95097,0.97029
ACOT2,TRUE,10965_AT1,0,0.0091768,0.082454,0.30195,0.46547
ACOT4,TRUE,122970_AT1,0,0.16178,1.2132,0.08735,0.18522
ACOT6,TRUE,641372_AT1,0,-0.020855,-0.19594,0.083866,0.17941
ACOT7,TRUE,11332_AT1,0,0.1961,1.0365,0.031024,0.083389
ACOT8,TRUE,10005_AT1,0,0.00027156,0.0045919,0.21692,0.37001
ACOX1,TRUE,51_AT1,0,0.0075198,0.068152,0.28611,0.44863
ACOX2,TRUE,8309_AT1,0,0.015819,0.17467,0.37893,0.55069
ACOX3,TRUE,8310_AT1,1,-0.10012,-1.2006,0.00091248,0.0047009
ACP1,TRUE,52_AT1,1,-0.053049,-0.54237,0.012028,0.03877
ACP2,TRUE,53_AT1,0,0.071371,0.66033,0.75313,0.84456
ACSBG1,TRUE,23205_AT1,1,-0.067396,-0.99669,0.003484,0.013208
ACSBG2,TRUE,81616_AT1,1,-0.13528,-1.0893,0,0
ACSL1,TRUE,2180_AT1,1,-0.06217,-0.60078,0.0050601,0.018128
ACSL3,TRUE,2181_AT1,1,-0.082278,-0.95298,0.0016591,0.0073665
ACSL4,TRUE,2182_AT1,1,-0.10174,-0.92537,0.00049772,0.0026906
ACSL5,TRUE,51703_AT1,0,0.080523,0.66845,0.6336,0.76725
ACSL6,TRUE,23305_AT1,0,0.093729,0.91346,0.47184,0.64018
ACSM1,TRUE,116285_AT1,0,0.045892,0.45736,0.83144,0.89611
ACSM2A,TRUE,123876_AT1,0,0.011549,0.11363,0.32717,0.49146
ACSM2B,TRUE,348158_AT1,1,-0.11312,-1.4183,0.00024886,0.0014458
ACSM3,TRUE,6296_AT1,0,0.0061448,0.071681,0.27117,0.43298
ACSM4,TRUE,341392_AT1,1,-0.12211,-1.3413,0,0
ACSM5,TRUE,54988_AT1,1,-0.075548,-0.69417,0.0024056,0.0098807
ACSS1,TRUE,84532_AT1,0,0.067373,0.62686,0.81427,0.88953
ACSS2,TRUE,55902_AT1,0,0.0076199,0.085843,0.28718,0.4499
ACSS3,TRUE,79611_AT1,0,0.16556,1.729,0.076649,0.16724
ACY1,TRUE,95_AT1,1,-0.12322,-1.2401,0,0
ACY3,TRUE,91703_AT1,0,0.11696,0.97556,0.27756,0.44026
ACYP1,TRUE,97_AT1,0,0.050874,0.40532,0.91506,0.94931
ACYP2,TRUE,98_AT1,1,-0.064884,-0.41068,0.0044795,0.016564
ADA,TRUE,100_AT1,0,0.025613,0.2487,0.51199,0.67014
ADCY1,TRUE,107_AT1,0,0.0046268,0.045502,0.25608,0.41632
ADCY10,TRUE,55811_AT1,0,0.059643,0.56877,0.93671,0.9602
ADCY2,TRUE,108_AT1,0,0.019951,0.30259,0.43351,0.60207
ADCY3,TRUE,109_AT1,0,0.048637,0.55036,0.87897,0.92638
ADCY4,TRUE,196883_AT1,0,0.014465,0.12482,0.36284,0.53212
ADCY5,TRUE,111_AT1,0,0.15149,1.4377,0.11771,0.23377
ADCY6,TRUE,112_AT1,1,-0.13906,-1.7369,0,0
ADCY7,TRUE,113_AT1,0,-0.018163,-0.19155,0.092908,0.1936
ADCY8,TRUE,114_AT1,0,0.072226,0.71847,0.74243,0.83959
ADCY9,TRUE,115_AT1,1,-0.060988,-0.85844,0.0060556,0.021408
ADH1A,TRUE,124_AT1,1,-0.062839,-0.73568,0.0047283,0.01699
ADH1B,TRUE,125_AT1,0,0.053498,0.50154,0.95803,0.97378
ADH4,TRUE,127_AT1,0,0.068904,0.6275,0.79038,0.87373
ADH5,TRUE,128_AT1,0,0.071414,0.59044,0.75263,0.84439
ADH6,TRUE,130_AT1,1,-0.069473,-0.52105,0.0032352,0.012361
ADI1,TRUE,55256_AT1,0,-0.019804,-0.26879,0.087764,0.18594
ADK,TRUE,132_AT1,1,-0.091054,-1.1656,0.0010784,0.0052104
ADSL,TRUE,158_AT1,1,-0.042419,-0.43228,0.024886,0.06993
ADSS,TRUE,159_AT1,1,-0.24373,-2.0753,0,0
ADSSL1,TRUE,122622_AT1,1,-0.1204,-1.1569,0,0
AGA,TRUE,175_AT1,0,-0.033884,-0.37782,0.041808,0.10456
AGK,TRUE,55750_AT1,1,-0.11532,-1.5329,0,0
AGL,TRUE,178_AT1,0,0.04966,0.5156,0.89432,0.93504
AGPAT1,TRUE,10554_AT1,0,0.20978,1.8394,0.019743,0.057557
AGPAT2,TRUE,10555_AT1,1,-0.094387,-1.129,0.00099544,0.0049793
AGXT,TRUE,189_AT1,1,-0.082115,-0.91299,0.0016591,0.0073665
AGXT2,TRUE,64902_AT1,1,-0.076248,-0.68836,0.0023227,0.0096886
AHCY,TRUE,191_AT1,1,-0.10155,-1.1476,0.00058067,0.003125
AHCYL1,TRUE,10768_AT1,0,0.0022604,0.017263,0.23351,0.38935
AK1,TRUE,203_AT1,0,0.075761,0.53942,0.69598,0.80964
AK2,TRUE,204_AT1,0,0.094172,0.97645,0.46678,0.63582
AK3,TRUE,50808_AT1,1,-0.13954,-1.4903,0,0
AK5,TRUE,26289_AT1,0,0.0023288,0.023083,0.23476,0.39034
AK7,TRUE,122481_AT1,0,0.085081,0.93588,0.57843,0.72072
AKR1A1,TRUE,10327_AT1,1,-0.035666,-0.37104,0.03791,0.097234
AKR1B1,TRUE,231_AT1,0,0.091904,0.70208,0.49282,0.65669
AKR1B10,TRUE,57016_AT1,0,-0.032668,-0.42481,0.045624,0.11329
AKR1C1,TRUE,1645_AT1,0,-0.025249,-0.24808,0.06827,0.15398
AKR1C2,TRUE,1646_AT1,1,-0.13413,-1.508,0,0
AKR1C3,TRUE,8644_AT1,0,0.048462,0.40624,0.87607,0.92559
AKR1C4,TRUE,1109_AT1,0,-0.0095107,-0.10666,0.13861,0.26315
AKR1D1,TRUE,6718_AT1,1,-0.054183,-0.60735,0.011033,0.03624
AKR7A2,TRUE,8574_AT1,1,-0.040612,-0.38519,0.02837,0.077993
ALAD,TRUE,210_AT1,0,0.096243,1.1029,0.44496,0.61326
ALAS1,TRUE,211_AT1,0,0.21843,1.3211,0.015429,0.047029
ALAS2,TRUE,212_AT1,0,-0.013521,-0.21732,0.11763,0.23377
ALDH18A1,TRUE,5832_AT1,0,0.039794,0.39056,0.73613,0.83638
ALDH1A1,TRUE,216_AT1,0,0.11082,1.1894,0.31746,0.48078
ALDH1A2,TRUE,8854_AT1,0,-0.02802,-0.25929,0.059394,0.13903
ALDH1A3,TRUE,220_AT1,1,-0.093138,-1.007,0.00099544,0.0049793
ALDH1B1,TRUE,219_AT1,0,0.16616,1.7796,0.075404,0.165
ALDH1L1,TRUE,10840_AT1,0,0.020847,0.12308,0.44546,0.61336
ALDH1L2,TRUE,160428_AT1,0,0.0089868,0.070701,0.30037,0.46453
ALDH2,TRUE,217_AT1,0,-0.0036525,-0.047879,0.18507,0.33249
ALDH3A1,TRUE,218_AT1,0,0.029549,0.40394,0.57835,0.72072
ALDH3A2,TRUE,224_AT1,0,0.025098,0.21797,0.50452,0.66528
ALDH3B2,TRUE,222_AT1,0,-0.0071806,-0.11789,0.15537,0.28949
ALDH4A1,TRUE,8659_AT1,0,-0.0079147,-0.09901,0.14973,0.28006
ALDH5A1,TRUE,7915_AT1,0,0.089226,0.87088,0.52385,0.68082
ALDH6A1,TRUE,4329_AT1,0,0.061117,0.28769,0.91265,0.94772
ALDH7A1,TRUE,501_AT1,0,0.079189,0.59778,0.65284,0.77882
ALDH9A1,TRUE,223_AT1,0,-0.0022494,-0.018668,0.1956,0.34524
ALDOA,TRUE,226_AT1,1,-0.55264,-4.3493,0,0
ALDOB,TRUE,229_AT1,1,-0.069854,-0.82358,0.0031522,0.012258
ALDOC,TRUE,230_AT1,0,-0.014752,-0.12362,0.11049,0.22312
ALOX12,TRUE,239_AT1,0,0.064495,0.81685,0.85633,0.91205
ALOX15,TRUE,246_AT1,1,-0.037539,-0.33777,0.03426,0.090175
ALOX15B,TRUE,247_AT1,0,-0.0029132,-0.025441,0.19054,0.33929
ALOX5,TRUE,240_AT1,1,-0.038672,-0.26094,0.031605,0.084479
AMACR,TRUE,23600_AT1,1,-0.10697,-1.2463,0.00041477,0.0022523
AMD1,TRUE,262_AT1,0,0.20579,1.7634,0.023144,0.065957
AMDHD1,TRUE,144193_AT1,0,0.050713,0.43605,0.91273,0.94772
AMPD1,TRUE,270_AT1,0,0.073574,0.67327,0.72401,0.82827
AMPD2,TRUE,271_AT1,0,0.04446,0.50604,0.80946,0.88809
AMPD3,TRUE,272_AT1,1,-0.15284,-1.8034,0,0
AMT,TRUE,275_AT1,0,0.060514,0.59153,0.92219,0.95199
AMY1A,TRUE,276_AT1,0,0.10106,0.75757,0.39818,0.56704
AMY1B,TRUE,277_AT1,0,-0.022895,-0.33334,0.075487,0.165
AMY1C,TRUE,278_AT1,1,-0.063152,-0.6896,0.0047283,0.01699
AMY2A,TRUE,279_AT1,0,0.091792,1.1337,0.49415,0.65751
AMY2B,TRUE,280_AT1,0,0.17021,1.6613,0.06628,0.15133
AOC1,TRUE,26_AT1,1,-0.27339,-3.675,0,0
AOX1,TRUE,316_AT1,0,0.16147,1.3623,0.088262,0.18667
APRT,TRUE,353_AT1,1,-0.087933,-0.9715,0.0012443,0.005848
AQP1,TRUE,358_AT1,0,0.057909,0.62578,0.96657,0.97998
AQP2,TRUE,359_AT1,1,-0.039247,-0.29844,0.03061,0.082921
AQP3,TRUE,360_AT1,0,0.0095258,0.087948,0.30502,0.4693
AQP4,TRUE,361_AT1,1,-0.035236,-0.42433,0.038905,0.099259
AQP5,TRUE,362_AT1,1,-0.071522,-0.53998,0.0029034,0.011457
AQP7,TRUE,364_AT1,0,0.12113,0.96594,0.24944,0.40856
AQP8,TRUE,343_AT1,1,-0.038412,-0.36866,0.03202,0.085022
AQP9,TRUE,366_AT1,0,0.031995,0.28977,0.61377,0.75119
ARG1,TRUE,383_AT1,0,0.056854,0.63995,0.98465,0.98917
ARSA,TRUE,410_AT1,1,-0.10083,-0.97084,0.00091248,0.0047009
ARSB,TRUE,411_AT1,1,-0.036619,-0.47377,0.035587,0.092657
ASAH1,TRUE,427_AT1,0,0.0294,0.35513,0.57644,0.71899
ASAH2,TRUE,56624_AT1,0,0.070506,0.6598,0.76665,0.85502
ASL,TRUE,435_AT1,1,-0.21015,-2.0804,0,0
ASMT,TRUE,438_AT1,0,-0.014697,-0.12974,0.11066,0.22326
ASNS,TRUE,440_AT1,0,0.04575,0.45677,0.82862,0.89445
ASPA,TRUE,443_AT1,1,-0.12627,-0.89389,0,0
ASPG,TRUE,374569_AT1,0,0.15037,1.0971,0.12103,0.2384
ASRGL1,TRUE,80150_AT1,0,0.046897,0.36312,0.84737,0.90567
ASS1,TRUE,445_AT1,1,-0.12818,-1.032,0,0
ATIC,TRUE,471_AT1,1,-0.2126,-2.4186,0,0
ATP1A1,TRUE,476_AT1,1,-0.047678,-0.30998,0.016342,0.049127
ATP1A2,TRUE,477_AT1,0,0.086205,1.0662,0.56358,0.70844
ATP1A3,TRUE,478_AT1,0,0.13249,1.0416,0.18996,0.33925
ATP1A4,TRUE,480_AT1,0,0.019745,0.22702,0.43078,0.59931
ATP2B1,TRUE,490_AT1,1,-0.086931,-1.0151,0.0012443,0.005848
ATP2B2,TRUE,491_AT1,1,-0.13911,-1.6344,0,0
ATP2B3,TRUE,492_AT1,1,-0.12922,-1.6243,0,0
ATP2B4,TRUE,493_AT1,1,-0.14886,-1.4863,0,0
ATP4A,TRUE,495_AT1,0,-0.00094271,-0.0084281,0.20531,0.35509
ATP4B,TRUE,496_AT1,0,-0.0010171,-0.017884,0.20473,0.35434
ATP5C1,TRUE,509_AT1,1,-0.18464,-1.7337,0,0
ATP5D,TRUE,513_AT1,1,-0.31547,-3.1986,0,0
ATP5E,TRUE,514_AT1,1,-0.36679,-2.4965,0,0
ATP5G3,TRUE,518_AT1,0,-0.0021588,-0.022862,0.19627,0.34591
ATP5H,TRUE,10476_AT1,1,-0.44245,-4.2241,0,0
ATP5J,TRUE,522_AT1,1,-0.36266,-3.9179,0,0
ATP6V0A4,TRUE,50617_AT1,0,0.19267,1.4586,0.034591,0.09085
ATP6V1A,TRUE,523_AT1,1,-0.19207,-1.4859,0,0
ATP6V1B1,TRUE,525_AT1,0,-0.0019431,-0.026387,0.19801,0.34771
ATP6V1B2,TRUE,526_AT1,1,-0.45229,-3.5744,0,0
ATP6V1C1,TRUE,528_AT1,1,-0.17051,-1.2757,0,0
ATP6V1D,TRUE,51382_AT1,0,-0.029039,-0.28249,0.055413,0.13163
ATP6V1F,TRUE,9296_AT1,1,-0.38522,-4.1201,0,0
ATP6V1H,TRUE,51606_AT1,1,-0.2396,-1.6977,0,0
ATP8A1,TRUE,10396_AT1,0,0.10531,1.0371,0.36251,0.53195
ATP8B1,TRUE,5205_AT1,1,-0.12046,-1.2293,0,0
ATP8B2,TRUE,57198_AT1,0,0.038037,0.45609,0.70693,0.81628
AUH,TRUE,549_AT1,1,-0.080034,-0.90981,0.001825,0.0080292
B3GNT3,TRUE,10331_AT1,0,0.063009,0.72988,0.88022,0.92638
B4GALNT1,TRUE,2583_AT1,0,0.093797,0.8792,0.47092,0.63966
B4GALT1,TRUE,2683_AT1,0,-0.018686,-0.18777,0.091912,0.1927
B4GALT7,TRUE,11285_AT1,1,-0.080746,-0.66207,0.0016591,0.0073665
BAAT,TRUE,570_AT1,0,0.011187,0.19877,0.32269,0.48655
BBOX1,TRUE,8424_AT1,0,0.12623,1.1002,0.22323,0.37663
BCAT1,TRUE,586_AT1,0,0.125,0.96049,0.22854,0.38317
BCAT2,TRUE,587_AT1,1,-0.080941,-0.77538,0.0016591,0.0073665
BCHE,TRUE,590_AT1,0,0.051131,0.41575,0.92003,0.95161
BCKDHA,TRUE,593_AT1,0,0.3223,2.0572,0.00024886,0.0014458
BCKDHB,TRUE,594_AT1,1,-0.06054,-0.56747,0.0061385,0.021606
BDH1,TRUE,622_AT1,1,-0.044702,-0.49537,0.021153,0.061078
BDH2,TRUE,56898_AT1,0,0.1042,1.031,0.37246,0.54293
BHMT,TRUE,635_AT1,1,-0.099347,-0.70193,0.00091248,0.0047009
BLVRA,TRUE,644_AT1,0,0.14695,1.797,0.13015,0.2512
BLVRB,TRUE,645_AT1,0,0.13388,1.1256,0.18266,0.33004
BPGM,TRUE,669_AT1,0,0.066678,0.7263,0.82472,0.89393
BPNT1,TRUE,10380_AT1,1,-0.12637,-1.5086,0,0
BTD,TRUE,686_AT1,0,0.0020528,0.027484,0.23144,0.38669
CA1,TRUE,759_AT1,0,0.044888,0.62348,0.81601,0.89099
CA12,TRUE,771_AT1,1,-0.08476,-1.1261,0.0014932,0.0068702
CA13,TRUE,377677_AT1,0,0.0051991,0.065234,0.26246,0.42356
CA14,TRUE,23632_AT1,0,0.22129,1.5546,0.013521,0.042559
CA2,TRUE,760_AT1,0,0.21886,1.4034,0.014849,0.046253
CA3,TRUE,761_AT1,1,-0.038207,-0.36264,0.032601,0.086374
CA4,TRUE,762_AT1,0,-0.0087331,-0.12077,0.1445,0.27256
CA5A,TRUE,763_AT1,1,-0.12424,-1.2898,0,0
CA5B,TRUE,11238_AT1,0,0.10274,0.75423,0.38515,0.55538
CA6,TRUE,765_AT1,0,0.091828,0.71889,0.49365,0.65721
CA7,TRUE,766_AT1,1,-0.20131,-2.2096,0,0
CA8,TRUE,767_AT1,1,-0.042441,-0.47463,0.024886,0.06993
CA9,TRUE,768_AT1,0,0.07253,0.7496,0.73803,0.83736
CAD,TRUE,790_AT1,1,-0.22858,-1.6143,0,0
CAT,TRUE,847_AT1,0,-0.004161,-0.044571,0.18175,0.32898
CBR1,TRUE,873_AT1,1,-0.17514,-1.6935,0,0
CBR3,TRUE,874_AT1,0,0.08728,0.89963,0.54832,0.69763
CBR4,TRUE,84869_AT1,1,-0.12492,-1.324,0,0
CBS,TRUE,875_AT1,0,-0.034669,-0.48328,0.0399,0.10105
CDA,TRUE,978_AT1,0,0.013643,0.11717,0.35346,0.5209
CDO1,TRUE,1036_AT1,1,-0.072682,-0.63198,0.0025715,0.010368
CEL,TRUE,1056_AT1,0,-0.013058,-0.11352,0.11879,0.23514
CERK,TRUE,64781_AT1,0,0.16832,1.9421,0.069764,0.15661
CERS1,TRUE,10715_AT1,1,-0.19,-1.6246,0,0
CERS2,TRUE,29956_AT1,1,-0.055791,-0.5254,0.0097055,0.032365
CERS3,TRUE,204219_AT1,1,-0.064109,-0.59849,0.0047283,0.01699
CERS4,TRUE,79603_AT1,0,0.0029709,0.022388,0.24056,0.39781
CERS5,TRUE,91012_AT1,0,-0.012594,-0.14824,0.12136,0.23866
CERS6,TRUE,253782_AT1,0,0.12894,1.5322,0.20747,0.3578
CES1,TRUE,1066_AT1,1,-0.15139,-1.2238,0,0
CES2,TRUE,8824_AT1,1,-0.20864,-2.0193,0,0
CES3,TRUE,23491_AT1,1,-0.12722,-1.678,0,0
CFTR,TRUE,1080_AT1,0,0.1864,1.4399,0.040315,0.10157
CHAT,TRUE,1103_AT1,1,-0.16793,-1.7238,0,0
CHIA,TRUE,27159_AT1,0,0.033788,0.31682,0.63866,0.77183
CHIT1,TRUE,1118_AT1,1,-0.24063,-2.3367,0,0
CHKA,TRUE,1119_AT1,0,0.05341,0.54471,0.95678,0.97301
CHPF,TRUE,79586_AT1,0,0.031732,0.30972,0.60863,0.74715
CHPT1,TRUE,56994_AT1,0,0.11516,0.90418,0.28876,0.45178
CHST1,TRUE,8534_AT1,0,0.17169,1.3522,0.062298,0.14373
CHST6,TRUE,4166_AT1,0,0.016491,0.12385,0.38714,0.55759
CKB,TRUE,1152_AT1,0,0.14261,0.94397,0.14567,0.27373
CKM,TRUE,1158_AT1,1,-0.08616,-0.90968,0.0012443,0.005848
CKMT2,TRUE,1160_AT1,0,-0.02968,-0.26794,0.053007,0.1278
CLC,TRUE,1178_AT1,0,0.045205,0.54616,0.82107,0.89252
CLYBL,TRUE,171425_AT1,1,-0.10796,-1.0409,0.00033181,0.0018913
CMAS,TRUE,55907_AT1,1,-0.24112,-2.4354,0,0
CMPK1,TRUE,51727_AT1,1,-0.44508,-2.8738,0,0
CNDP1,TRUE,84735_AT1,0,0.086635,0.70314,0.55662,0.70225
CNDP2,TRUE,55748_AT1,1,-0.068914,-0.94669,0.0032352,0.012361
COASY,TRUE,80347_AT1,1,-0.19093,-2.0591,0,0
COMT,TRUE,1312_AT1,1,-0.090651,-0.92655,0.0010784,0.0052104
COMTD1,TRUE,118881_AT1,1,-0.2282,-2.6882,0,0
COQ3,TRUE,51805_AT1,1,-0.13007,-1.33,0,0
COQ5,TRUE,84274_AT1,1,-0.11564,-1.1995,0,0
COQ6,TRUE,51004_AT1,1,-0.22328,-2.2623,0,0
COX5A,TRUE,9377_AT1,1,-0.395,-4.3634,0,0
COX6B2,TRUE,125965_AT1,1,-0.079681,-0.82431,0.0019909,0.0084507
COX7A1,TRUE,1346_AT1,0,0.0062411,0.075538,0.27242,0.43439
COX7A2L,TRUE,9167_AT1,0,0.0020548,0.014031,0.23144,0.38669
CP,TRUE,1356_AT1,0,0.18008,1.7885,0.049274,0.12073
CPOX,TRUE,1371_AT1,1,-0.13196,-1.1407,0,0
CPS1,TRUE,1373_AT1,0,0.17682,1.7087,0.053837,0.1291
CPT1A,TRUE,1374_AT1,0,-0.033549,-0.45655,0.04297,0.10736
CPT1B,TRUE,1375_AT1,0,0.044349,0.50632,0.80863,0.88807
CPT1C,TRUE,126129_AT1,0,0.04439,0.4304,0.80888,0.88807
CPT2,TRUE,1376_AT1,0,0.042411,0.33214,0.77802,0.86363
CRAT,TRUE,1384_AT1,1,-0.046534,-0.57749,0.017752,0.052451
CROT,TRUE,54677_AT1,0,0.31876,1.1374,0.00024886,0.0014458
CS,TRUE,1431_AT1,0,0.10301,0.94134,0.38324,0.55429
CSAD,TRUE,51380_AT1,1,-0.042384,-0.58672,0.024969,0.070081
CTDSPL2,TRUE,51496_AT1,0,0.097691,0.58569,0.43019,0.59931
CTH,TRUE,1491_AT1,0,0.015921,0.19814,0.38034,0.55241
CTPS1,TRUE,1503_AT1,1,-0.19521,-1.7677,0,0
CTPS2,TRUE,56474_AT1,0,0.066058,0.60376,0.83526,0.89942
CYB5R1,TRUE,51706_AT1,0,0.11885,1.2229,0.2647,0.42547
CYB5R2,TRUE,51700_AT1,0,-0.0056891,-0.065168,0.16773,0.3087
CYB5R3,TRUE,1727_AT1,0,0.047961,0.50863,0.86703,0.92014
CYC1,TRUE,1537_AT1,1,-0.17538,-1.5801,0,0
CYP11A1,TRUE,1583_AT1,0,0.080138,0.63481,0.63932,0.77224
CYP11B1,TRUE,1584_AT1,0,-0.0020526,-0.028148,0.19726,0.3469
CYP11B2,TRUE,1585_AT1,0,-0.0064926,-0.080824,0.16093,0.29846
CYP17A1,TRUE,1586_AT1,1,-0.053568,-0.4309,0.01153,0.037517
CYP19A1,TRUE,1588_AT1,0,0.036839,0.44834,0.68793,0.80554
CYP1A1,TRUE,1543_AT1,0,0.034374,0.30287,0.64795,0.77719
CYP1A2,TRUE,1544_AT1,1,-0.28794,-2.6846,0,0
CYP1B1,TRUE,1545_AT1,0,-0.031797,-0.34684,0.047034,0.11595
CYP21A2,TRUE,1589_AT1,1,-0.10414,-1.1633,0.00041477,0.0022523
CYP24A1,TRUE,1591_AT1,0,0.087419,0.74307,0.54732,0.69763
CYP27A1,TRUE,1593_AT1,0,0.085969,0.79242,0.56682,0.71103
CYP27B1,TRUE,1594_AT1,0,0.026455,0.25429,0.52634,0.68284
CYP2A13,TRUE,1553_AT1,0,0.073365,0.66245,0.72659,0.82984
CYP2A6,TRUE,1548_AT1,0,-0.0013657,-0.018366,0.20282,0.35231
CYP2A7,TRUE,1549_AT1,0,-0.0055461,-0.0373,0.16914,0.31082
CYP2B6,TRUE,1555_AT1,1,-0.12052,-1.3121,0,0
CYP2C18,TRUE,1562_AT1,0,0.090483,0.9377,0.5095,0.66834
CYP2C19,TRUE,1557_AT1,0,-0.0011144,-0.012036,0.20431,0.35434
CYP2C8,TRUE,1558_AT1,0,0.010756,0.056901,0.31813,0.48148
CYP2C9,TRUE,1559_AT1,0,0.0058198,0.040471,0.26744,0.42844
CYP2D6,TRUE,1565_AT1,0,-0.028348,-0.3222,0.057984,0.13666
CYP2E1,TRUE,1571_AT1,0,0.025532,0.25692,0.51099,0.6692
CYP2F1,TRUE,1572_AT1,0,0.056456,0.53217,0.99162,0.99451
CYP2J2,TRUE,1573_AT1,0,0.066844,0.72447,0.82248,0.89258
CYP2S1,TRUE,29785_AT1,1,-0.17448,-2.2018,0,0
CYP2U1,TRUE,113612_AT1,1,-0.14464,-1.7697,0,0
CYP39A1,TRUE,51302_AT1,0,0.10964,1.0269,0.32675,0.49115
CYP3A4,TRUE,1576_AT1,1,-0.14186,-1.477,0,0
CYP3A43,TRUE,64816_AT1,0,0.097673,0.89347,0.43028,0.59931
CYP3A5,TRUE,1577_AT1,1,-0.066562,-0.6334,0.0036499,0.013729
CYP3A7,TRUE,1551_AT1,1,-0.15475,-1.631,0,0
CYP46A1,TRUE,10858_AT1,1,-0.053784,-0.31947,0.011199,0.036585
CYP4A11,TRUE,1579_AT1,0,0.048804,0.46787,0.88237,0.92723
CYP4B1,TRUE,1580_AT1,1,-0.1074,-1.2418,0.00033181,0.0018913
CYP4F11,TRUE,57834_AT1,0,0.019452,0.16008,0.42663,0.59594
CYP4F12,TRUE,66002_AT1,0,0.19576,1.4567,0.03119,0.083742
CYP4F2,TRUE,8529_AT1,1,-0.10604,-1.346,0.00041477,0.0022523
CYP4F22,TRUE,126410_AT1,0,0.038098,0.35038,0.7085,0.81732
CYP4F3,TRUE,4051_AT1,0,0.078283,0.8573,0.66354,0.78732
CYP4V2,TRUE,285440_AT1,0,-0.027174,-0.32724,0.061717,0.14294
CYP4X1,TRUE,260293_AT1,1,-0.25692,-2.9056,0,0
CYP4Z1,TRUE,199974_AT1,0,-0.015626,-0.15272,0.10593,0.21531
CYP51A1,TRUE,1595_AT1,1,-0.072188,-0.57575,0.0026545,0.010649
CYP7A1,TRUE,1581_AT1,0,0.00097457,0.0085868,0.2224,0.37628
CYP8B1,TRUE,1582_AT1,0,0.018588,0.20218,0.41369,0.58157
DAO,TRUE,1610_AT1,0,0.11602,1.313,0.28328,0.44696
DBH,TRUE,1621_AT1,0,0.12279,1.0589,0.24156,0.3989
DBT,TRUE,1629_AT1,0,0.11156,0.6986,0.3119,0.47535
DCK,TRUE,1633_AT1,0,0.12656,1.2443,0.22148,0.37514
DCT,TRUE,1638_AT1,1,-0.074008,-0.77638,0.0024886,0.010135
DCTD,TRUE,1635_AT1,0,0.13181,1.4484,0.1927,0.34263
DCXR,TRUE,51181_AT1,1,-0.15775,-1.6611,0,0
DDC,TRUE,1644_AT1,0,0.15177,1.0294,0.11622,0.23215
DDO,TRUE,8528_AT1,1,-0.1612,-2.0445,0,0
DECR1,TRUE,1666_AT1,1,-0.036043,-0.44097,0.036582,0.094433
DECR2,TRUE,26063_AT1,1,-0.055883,-0.55861,0.0094567,0.031579
DEGS1,TRUE,8560_AT1,0,0.11547,1.1121,0.28602,0.44863
DEGS2,TRUE,123099_AT1,0,0.084057,0.69172,0.59038,0.7323
DERA,TRUE,51071_AT1,0,0.093106,0.78504,0.47756,0.64538
DGAT1,TRUE,8694_AT1,1,-0.043258,-0.5082,0.023559,0.066981
DGAT2,TRUE,84649_AT1,1,-0.053053,-0.67535,0.012028,0.03877
DGKA,TRUE,1606_AT1,0,0.083827,1.0697,0.59419,0.7358
DGKB,TRUE,1607_AT1,0,-0.021753,-0.25055,0.080879,0.17473
DGKD,TRUE,8527_AT1,0,-0.010392,-0.13845,0.13306,0.25501
DGKE,TRUE,8526_AT1,1,-0.090665,-0.72022,0.0010784,0.0052104
DGKG,TRUE,1608_AT1,1,-0.099807,-0.98395,0.00091248,0.0047009
DGKH,TRUE,160851_AT1,1,-0.04252,-0.52849,0.024803,0.06986
DGKI,TRUE,9162_AT1,0,0.0037284,0.024142,0.2472,0.40654
DGKQ,TRUE,1609_AT1,0,0.045691,0.43333,0.82787,0.89445
DGKZ,TRUE,8525_AT1,0,0.15981,1.28,0.092825,0.1936
DGUOK,TRUE,1716_AT1,1,-0.26665,-2.7824,0,0
DHCR24,TRUE,1718_AT1,0,0.0035259,0.044482,0.24604,0.40491
DHCR7,TRUE,1717_AT1,0,0.15495,1.3592,0.10585,0.21531
DHFR,TRUE,1719_AT1,1,-0.078451,-0.61227,0.0019909,0.0084507
DHODH,TRUE,1723_AT1,1,-0.20207,-1.5818,0,0
DHRS2,TRUE,10202_AT1,0,-0.0050674,-0.070574,0.17395,0.31869
DHRS3,TRUE,9249_AT1,1,-0.13859,-1.4149,0,0
DHRS4,TRUE,10901_AT1,0,-0.00036237,-0.0043562,0.21012,0.36134
DHRS9,TRUE,10170_AT1,0,0.071549,0.65014,0.75164,0.84367
DIO1,TRUE,1733_AT1,0,-0.021656,-0.18206,0.081211,0.17516
DIO2,TRUE,1734_AT1,0,-0.0020574,-0.029666,0.19718,0.3469
DIO3,TRUE,1735_AT1,0,-0.0019008,-0.02414,0.19851,0.34782
DLAT,TRUE,1737_AT1,0,0.03906,0.34884,0.7226,0.82726
DLD,TRUE,1738_AT1,0,-0.032862,-0.32649,0.044878,0.11155
DLST,TRUE,1743_AT1,1,-0.17957,-2.0174,0,0
DMGDH,TRUE,29958_AT1,0,0.024263,0.24918,0.49299,0.65669
DOLPP1,TRUE,57171_AT1,0,0.060602,0.50909,0.92111,0.95191
DPEP1,TRUE,1800_AT1,0,-0.011076,-0.12057,0.12957,0.2512
DPEP2,TRUE,64174_AT1,1,-0.09444,-1.0856,0.00099544,0.0049793
DPEP3,TRUE,64180_AT1,1,-0.052656,-0.39143,0.012526,0.04016
DPYD,TRUE,1806_AT1,0,-0.026844,-0.2939,0.062132,0.14349
DPYS,TRUE,1807_AT1,0,-0.030563,-0.49923,0.050518,0.12291
DPYSL2,TRUE,1808_AT1,0,0.15031,1.8183,0.12103,0.2384
DPYSL3,TRUE,1809_AT1,0,0.037296,0.35387,0.69614,0.80964
DTYMK,TRUE,1841_AT1,1,-0.23972,-1.7172,0,0
DUOX1,TRUE,53905_AT1,1,-0.082358,-0.93397,0.0016591,0.0073665
DUOX2,TRUE,50506_AT1,0,-0.026346,-0.27072,0.064206,0.14715
DUSP11,TRUE,8446_AT1,0,0.053202,0.55254,0.95288,0.97101
DUT,TRUE,1854_AT1,1,-0.51727,-3.0524,0,0
EBP,TRUE,10682_AT1,0,0.086653,0.83753,0.55637,0.70225
ECH1,TRUE,1891_AT1,0,0.11432,1.2148,0.2939,0.45746
ECHDC2,TRUE,55268_AT1,0,0.025125,0.17214,0.5051,0.66546
ECHS1,TRUE,1892_AT1,0,0.066811,0.58901,0.82281,0.89258
ECI1,TRUE,1632_AT1,1,-0.049195,-0.38782,0.015263,0.046939
ECI2,TRUE,10455_AT1,1,-0.053623,-0.61681,0.011365,0.037027
EHHADH,TRUE,1962_AT1,0,0.1462,0.94738,0.13231,0.25414
ELOVL1,TRUE,64834_AT1,1,-0.19715,-2.0431,0,0
ELOVL2,TRUE,54898_AT1,1,-0.049065,-0.59514,0.015346,0.047029
ELOVL3,TRUE,83401_AT1,1,-0.066862,-0.74602,0.003567,0.013501
ELOVL4,TRUE,6785_AT1,0,-0.025879,-0.371,0.06545,0.14986
ELOVL5,TRUE,60481_AT1,0,-0.027651,-0.21438,0.06039,0.14068
ELOVL6,TRUE,79071_AT1,1,-0.15792,-1.8876,0,0
ELOVL7,TRUE,79993_AT1,1,-0.049395,-0.59296,0.015263,0.046939
ENO1,TRUE,2023_AT1,1,-0.37153,-2.1595,0,0
ENO2,TRUE,2026_AT1,0,0.07574,0.64486,0.69631,0.80964
ENO3,TRUE,2027_AT1,1,-0.065354,-0.54029,0.0044795,0.016564
ENPP1,TRUE,5167_AT1,0,-0.021821,-0.1425,0.080465,0.17399
ENPP2,TRUE,5168_AT1,0,-0.022111,-0.14303,0.079054,0.17156
ENPP3,TRUE,5169_AT1,0,-0.020584,-0.25986,0.085027,0.18142
ENTPD1,TRUE,953_AT1,0,-0.010286,-0.14621,0.13372,0.25574
ENTPD3,TRUE,956_AT1,0,0.018472,0.22204,0.41261,0.58051
ENTPD5,TRUE,957_AT1,0,0.05698,0.51094,0.98241,0.98815
ENTPD8,TRUE,377841_AT1,1,-0.061311,-0.50784,0.0058897,0.020944
EPHX2,TRUE,2053_AT1,0,0.0099284,0.10636,0.30875,0.47324
EPX,TRUE,8288_AT1,0,0.015163,0.15384,0.37138,0.54201
ESD,TRUE,2098_AT1,0,0.026442,0.29766,0.52625,0.68284
ETFA,TRUE,2108_AT1,0,0.07778,0.68817,0.66877,0.78923
ETFB,TRUE,2109_AT1,1,-0.048862,-0.58975,0.015429,0.047029
ETFDH,TRUE,2110_AT1,0,0.079283,0.64437,0.65176,0.7786
ETNK1,TRUE,55500_AT1,1,-0.18048,-2.663,0,0
ETNK2,TRUE,55224_AT1,0,0.14695,1.1715,0.13015,0.2512
EXT1,TRUE,2131_AT1,1,-0.11149,-1.1249,0.00024886,0.0014458
EXT2,TRUE,2132_AT1,0,-0.0010692,-0.014739,0.20465,0.35434
EXTL1,TRUE,2134_AT1,0,0.068237,0.57239,0.80199,0.88535
EXTL2,TRUE,2135_AT1,1,-0.20235,-1.7934,0,0
EXTL3,TRUE,2137_AT1,1,-0.1323,-1.4413,0,0
FAAH2,TRUE,158584_AT1,0,0.016972,0.26055,0.39278,0.56269
FABP1,TRUE,2168_AT1,0,0.15774,1.2146,0.098714,0.20377
FABP2,TRUE,2169_AT1,0,0.029939,0.41755,0.58266,0.72487
FABP3,TRUE,2170_AT1,0,0.16793,1.7349,0.070095,0.15677
FABP4,TRUE,2167_AT1,0,-0.0054855,-0.029149,0.17005,0.31179
FABP6,TRUE,2172_AT1,0,0.00067764,0.0070609,0.21991,0.37312
FADS1,TRUE,3992_AT1,0,-0.030272,-0.2481,0.051099,0.12407
FADS2,TRUE,9415_AT1,0,0.037122,0.51677,0.69324,0.80939
FADS3,TRUE,3995_AT1,0,0.027327,0.28623,0.54135,0.69362
FAH,TRUE,2184_AT1,0,-0.0047799,-0.047398,0.17661,0.32258
FASN,TRUE,2194_AT1,0,-0.032911,-0.33844,0.044795,0.11146
FBP1,TRUE,2203_AT1,0,-0.026617,-0.20675,0.063542,0.14618
FBP2,TRUE,8789_AT1,0,0.026587,0.26133,0.52949,0.68524
FDFT1,TRUE,2222_AT1,0,-0.028756,-0.31456,0.056657,0.13418
FDPS,TRUE,2224_AT1,1,-0.16289,-1.8134,0,0
FECH,TRUE,2235_AT1,1,-0.16496,-0.92214,0,0
FH,TRUE,2271_AT1,1,-0.12492,-1.2467,0,0
FLAD1,TRUE,80308_AT1,0,-0.022152,-0.17262,0.078805,0.17133
FLVCR1,TRUE,28982_AT1,0,0.036744,0.36504,0.68586,0.80389
FN3K,TRUE,64122_AT1,1,-0.038465,-0.39831,0.031937,0.084895
FN3KRP,TRUE,79672_AT1,1,-0.038103,-0.55969,0.032849,0.086747
FOLR1,TRUE,2348_AT1,0,0.027668,0.2804,0.54616,0.69709
FOLR2,TRUE,2350_AT1,0,-0.0055761,-0.088495,0.16914,0.31082
FPGS,TRUE,2356_AT1,1,-0.082251,-0.5171,0.0016591,0.0073665
FPGT,TRUE,8790_AT1,0,-0.0041646,-0.037113,0.18175,0.32898
FUCA1,TRUE,2517_AT1,0,0.086832,0.79943,0.55454,0.7011
FUCA2,TRUE,2519_AT1,1,-0.070593,-0.8166,0.0029034,0.011457
FUK,TRUE,197258_AT1,1,-0.063482,-0.70469,0.0047283,0.01699
FUT1,TRUE,2523_AT1,0,0.012414,0.17289,0.33903,0.50488
FUT2,TRUE,2524_AT1,1,-0.056851,-0.82436,0.0090419,0.030362
FUT3,TRUE,2525_AT1,0,-0.0042853,-0.05232,0.18051,0.32821
FUT6,TRUE,2528_AT1,0,-0.031057,-0.41758,0.048942,0.12004
G6PC,TRUE,2538_AT1,0,0.12072,0.79427,0.25209,0.41095
G6PC2,TRUE,57818_AT1,1,-0.039284,-0.50161,0.030527,0.082883
G6PC3,TRUE,92579_AT1,1,-0.082207,-1.0568,0.0016591,0.0073665
G6PD,TRUE,2539_AT1,0,0.061005,0.55742,0.91472,0.94931
GAA,TRUE,2548_AT1,0,0.052559,0.24224,0.94309,0.96429
GAD1,TRUE,2571_AT1,1,-0.060197,-0.49696,0.0064703,0.022576
GAD2,TRUE,2572_AT1,0,-0.0029484,-0.035621,0.19038,0.33925
GAL3ST1,TRUE,9514_AT1,0,0.14706,1.7857,0.12982,0.2512
GALC,TRUE,2581_AT1,0,0.17293,1.757,0.06039,0.14068
GALE,TRUE,2582_AT1,1,-0.20749,-1.2243,0,0
GALK1,TRUE,2584_AT1,0,0.041548,0.34148,0.76458,0.85382
GALK2,TRUE,2585_AT1,0,-0.01915,-0.281,0.09017,0.1897
GALNS,TRUE,2588_AT1,1,-0.055952,-0.57687,0.0094567,0.031579
GALT,TRUE,2592_AT1,1,-0.048847,-0.64066,0.015429,0.047029
GAMT,TRUE,2593_AT1,0,0.084067,0.92834,0.59021,0.7323
GANC,TRUE,2595_AT1,0,0.026326,0.24947,0.5241,0.68082
GAPDH,TRUE,2597_AT1,1,-0.38418,-2.8137,0,0
GAPDHS,TRUE,26330_AT1,0,0.072364,0.5874,0.74052,0.839
GART,TRUE,2618_AT1,1,-0.16849,-1.7948,0,0
GATM,TRUE,2628_AT1,0,0.056315,0.56609,0.99394,0.9956
GBA,TRUE,2629_AT1,1,-0.1056,-1.1774,0.00041477,0.0022523
GBA2,TRUE,57704_AT1,0,0.1171,0.95052,0.27615,0.43931
GBE1,TRUE,2632_AT1,0,-0.0011233,-0.010935,0.20423,0.35434
GCAT,TRUE,23464_AT1,0,0.11632,1.3247,0.28163,0.44466
GCDH,TRUE,2639_AT1,1,-0.074037,-0.55403,0.0024886,0.010135
GCH1,TRUE,2643_AT1,0,-0.02724,-0.25777,0.061219,0.14247
GCK,TRUE,2645_AT1,0,0.091391,0.85234,0.49847,0.66106
GCLC,TRUE,2729_AT1,0,0.024561,0.26634,0.4978,0.66054
GCLM,TRUE,2730_AT1,0,0.024227,0.22546,0.49258,0.65669
GCNT2,TRUE,2651_AT1,0,0.32896,1.3888,0.00024886,0.0014458
GCSH,TRUE,2653_AT1,1,-0.17322,-1.3934,0,0
GDA,TRUE,9615_AT1,0,-0.0003719,-0.004579,0.20995,0.36131
GFPT1,TRUE,2673_AT1,1,-0.078275,-0.67783,0.0019909,0.0084507
GFPT2,TRUE,9945_AT1,0,0.010061,0.1055,0.31016,0.47384
GGH,TRUE,8836_AT1,1,-0.070529,-0.78844,0.0029034,0.011457
GGPS1,TRUE,9453_AT1,1,-0.23197,-1.4475,0,0
GGT1,TRUE,2678_AT1,1,-0.074161,-0.77967,0.0024056,0.0098807
GGT5,TRUE,2687_AT1,0,0.062661,0.68271,0.88552,0.92786
GGT6,TRUE,124975_AT1,1,-0.1083,-1.5142,0.00033181,0.0018913
GGT7,TRUE,2686_AT1,1,-0.042811,-0.55599,0.024305,0.06886
GGTLC1,TRUE,92086_AT1,0,-0.0088352,-0.068619,0.14376,0.27163
GGTLC2,TRUE,91227_AT1,1,-0.16751,-1.7292,0,0
GK,TRUE,2710_AT1,1,-0.10365,-0.88273,0.00041477,0.0022523
GK2,TRUE,2712_AT1,0,0.25195,1.9735,0.0029863,0.011765
GLA,TRUE,2717_AT1,0,0.056977,0.54743,0.98241,0.98815
GLB1,TRUE,2720_AT1,0,-0.030992,-0.18042,0.049689,0.12162
GLDC,TRUE,2731_AT1,1,-0.049439,-0.57224,0.015263,0.046939
GLO1,TRUE,2739_AT1,1,-0.053395,-0.5852,0.011613,0.037736
GLRX,TRUE,2745_AT1,0,0.054755,0.66195,0.97876,0.98729
GLRX2,TRUE,51022_AT1,1,-0.22204,-2.5474,0,0
GLS,TRUE,2744_AT1,0,0.066254,0.75225,0.83202,0.89634
GLS2,TRUE,27165_AT1,0,0.19272,1.3879,0.034591,0.09085
GLUD1,TRUE,2746_AT1,0,0.15306,1.4492,0.11174,0.22506
GLUD2,TRUE,2747_AT1,0,0.053983,0.59295,0.96591,0.97972
GLUL,TRUE,2752_AT1,0,0.11119,1.3136,0.31423,0.47703
GLYAT,TRUE,10249_AT1,0,0.11972,1.1885,0.25989,0.42136
GLYCTK,TRUE,132158_AT1,0,0.080871,0.58835,0.62937,0.76397
GMDS,TRUE,2762_AT1,0,0.018777,0.17541,0.41609,0.58462
GMPPA,TRUE,29926_AT1,0,0.036393,0.24721,0.68046,0.80029
GMPPB,TRUE,29925_AT1,1,-0.78291,-5.6068,0,0
GMPR,TRUE,2766_AT1,0,-0.017655,-0.19611,0.094981,0.1969
GMPR2,TRUE,51292_AT1,0,0.077536,0.81066,0.67234,0.79228
GMPS,TRUE,8833_AT1,1,-0.06025,-0.49136,0.0064703,0.022576
GNE,TRUE,10020_AT1,0,0.10142,1.0663,0.39477,0.56398
GNMT,TRUE,27232_AT1,1,-0.088891,-0.91333,0.0012443,0.005848
GNPDA1,TRUE,10007_AT1,0,-0.015516,-0.16679,0.10651,0.2158
GNPDA2,TRUE,132789_AT1,0,0.024425,0.20862,0.49573,0.65888
GNPNAT1,TRUE,64841_AT1,1,-0.04685,-0.37392,0.017337,0.051541
GNS,TRUE,2799_AT1,1,-0.05062,-0.45058,0.014268,0.044733
GOT1,TRUE,2805_AT1,1,-0.052527,-0.45651,0.012609,0.040212
GOT2,TRUE,2806_AT1,1,-0.12124,-1.2243,0,0
GPD1,TRUE,2819_AT1,0,0.032023,0.27916,0.6141,0.75119
GPD2,TRUE,2820_AT1,0,-0.034994,-0.41585,0.03932,0.1
GPI,TRUE,2821_AT1,1,-0.18678,-1.2349,0,0
GPT,TRUE,2875_AT1,1,-0.22971,-2.4588,0,0
GPT2,TRUE,84706_AT1,0,0.064508,0.68255,0.85608,0.91205
GPX1,TRUE,2876_AT1,0,0.048592,0.55077,0.87806,0.92638
GPX2,TRUE,2877_AT1,0,0.068061,0.57716,0.80547,0.88655
GPX3,TRUE,2878_AT1,0,0.019774,0.19779,0.43102,0.59931
GPX4,TRUE,2879_AT1,0,0.02247,0.12032,0.46852,0.63711
GPX5,TRUE,2880_AT1,0,0.10887,1.1591,0.33289,0.49789
GPX6,TRUE,257202_AT1,0,0.09679,0.96819,0.43924,0.60757
GPX7,TRUE,2882_AT1,0,0.053424,0.57432,0.95686,0.97301
GPX8,TRUE,493869_AT1,1,-0.19363,-0.98124,0,0
GRHPR,TRUE,9380_AT1,1,-0.066284,-0.3878,0.0040647,0.01517
GSR,TRUE,2936_AT1,0,0.04056,0.41335,0.74865,0.84188
GSS,TRUE,2937_AT1,1,-0.039954,-0.36587,0.02978,0.081222
GSTM1,TRUE,2944_AT1,0,0.070864,0.62871,0.76209,0.85183
GSTM2,TRUE,2946_AT1,1,-0.07999,-0.70291,0.001825,0.0080292
GSTZ1,TRUE,2954_AT1,0,0.16733,0.82383,0.07192,0.15908
GUCY1A2,TRUE,2977_AT1,0,0.049171,0.57501,0.88718,0.92879
GUCY1A3,TRUE,2982_AT1,1,-0.078213,-1.0514,0.0019909,0.0084507
GUCY1B3,TRUE,2983_AT1,0,-0.034685,-0.21269,0.0399,0.10105
GUCY2C,TRUE,2984_AT1,0,0.13352,1.1605,0.18457,0.33184
GUCY2D,TRUE,3000_AT1,0,0.062805,0.60794,0.88362,0.92753
GUCY2F,TRUE,2986_AT1,0,0.027971,0.3432,0.55147,0.69869
GUK1,TRUE,2987_AT1,1,-0.1893,-1.4602,0,0
GUSB,TRUE,2990_AT1,0,-0.023695,-0.30937,0.072667,0.16015
GYG1,TRUE,2992_AT1,0,0.041636,0.57074,0.76557,0.85454
GYG2,TRUE,8908_AT1,1,-0.048739,-0.7732,0.015512,0.047163
GYS1,TRUE,2997_AT1,0,0.066795,0.87998,0.82298,0.89258
GYS2,TRUE,2998_AT1,1,-0.047683,-0.38962,0.016342,0.049127
H6PD,TRUE,9563_AT1,0,-0.030215,-0.36129,0.051431,0.12462
HACL1,TRUE,26061_AT1,1,-0.0386,-0.46501,0.031688,0.084607
HADH,TRUE,3033_AT1,1,-0.16733,-1.5297,0,0
HADHA,TRUE,3030_AT1,0,0.012969,0.18913,0.34492,0.51074
HADHB,TRUE,3032_AT1,1,-0.053138,-0.57314,0.011862,0.038338
HAGH,TRUE,3029_AT1,1,-0.18296,-1.5769,0,0
HAGHL,TRUE,84264_AT1,0,-0.028312,-0.19743,0.058399,0.13737
HAL,TRUE,3034_AT1,0,0.0053792,0.074481,0.26396,0.42468
HAS1,TRUE,3036_AT1,0,0.13014,1.2777,0.20116,0.35119
HAS2,TRUE,3037_AT1,1,-0.10072,-0.71135,0.00091248,0.0047009
HDC,TRUE,3067_AT1,1,-0.12662,-1.8632,0,0
HEPH,TRUE,9843_AT1,0,0.018182,0.24214,0.40946,0.57697
HEXA,TRUE,3073_AT1,1,-0.0411,-0.47945,0.027789,0.076747
HEXB,TRUE,3074_AT1,0,0.083745,0.61423,0.59527,0.73637
HGD,TRUE,3081_AT1,0,0.15543,0.65068,0.10494,0.21404
HIBCH,TRUE,26275_AT1,1,-0.11497,-1.3461,0,0
HK1,TRUE,3098_AT1,0,-0.010565,-0.11226,0.13198,0.25395
HK2,TRUE,3099_AT1,1,-0.13784,-1.5724,0,0
HK3,TRUE,3101_AT1,0,0.064458,0.65369,0.85682,0.91205
HKDC1,TRUE,80201_AT1,0,0.15622,1.5869,0.10253,0.20985
HLCS,TRUE,3141_AT1,1,-0.048697,-0.51451,0.015678,0.047607
HMBS,TRUE,3145_AT1,1,-0.3823,-4.2637,0,0
HMGCL,TRUE,3155_AT1,0,0.26325,2.3454,0.0019079,0.0083789
HMGCR,TRUE,3156_AT1,0,0.021644,0.18801,0.45674,0.62462
HMGCS1,TRUE,3157_AT1,1,-0.29961,-2.1931,0,0
HMGCS2,TRUE,3158_AT1,1,-0.039011,-0.49415,0.031024,0.083389
HMOX1,TRUE,3162_AT1,1,-0.11596,-1.4112,0,0
HMOX2,TRUE,3163_AT1,0,0.088338,0.84443,0.53488,0.6899
HNMT,TRUE,3176_AT1,0,0.079774,0.74487,0.64463,0.77555
HPD,TRUE,3242_AT1,0,0.042443,0.47032,0.77852,0.86378
HPGD,TRUE,3248_AT1,0,-0.0025523,-0.039865,0.19361,0.34298
HPGDS,TRUE,27306_AT1,0,0.17498,1.1922,0.057238,0.13543
HPRT1,TRUE,3251_AT1,0,-0.0021774,-0.019869,0.19602,0.34572
HS2ST1,TRUE,9653_AT1,0,0.092915,0.84644,0.47988,0.64648
HS3ST1,TRUE,9957_AT1,0,0.080848,0.55548,0.62961,0.76397
HSD11B1,TRUE,3290_AT1,0,0.093209,0.84842,0.47648,0.64538
HSD11B1L,TRUE,374875_AT1,1,-0.036497,-0.41279,0.035753,0.092988
HSD11B2,TRUE,3291_AT1,0,0.093476,0.79496,0.47424,0.64308
HSD17B1,TRUE,3292_AT1,0,0.075832,0.82094,0.69556,0.80964
HSD17B10,TRUE,3028_AT1,1,-0.80619,-5.0549,0,0
HSD17B11,TRUE,51170_AT1,0,0.07591,0.68467,0.69415,0.80964
HSD17B12,TRUE,51144_AT1,0,0.037032,0.46043,0.69191,0.80843
HSD17B14,TRUE,51171_AT1,0,0.0096984,0.13264,0.30676,0.47108
HSD17B2,TRUE,3294_AT1,0,0.20341,1.6309,0.025467,0.071312
HSD17B3,TRUE,3293_AT1,0,0.019445,0.22312,0.42663,0.59594
HSD17B4,TRUE,3295_AT1,0,-0.025813,-0.20994,0.065865,0.15066
HSD17B6,TRUE,8630_AT1,0,0.1869,1.0142,0.039071,0.099472
HSD17B7,TRUE,51478_AT1,1,-0.038977,-0.59534,0.031024,0.083389
HSD17B8,TRUE,7923_AT1,0,0.23821,1.6657,0.0068851,0.023816
HSD3B1,TRUE,3283_AT1,1,-0.19547,-1.7704,0,0
HSD3B2,TRUE,3284_AT1,0,-0.010449,-0.11903,0.13289,0.25489
HSD3B7,TRUE,80270_AT1,1,-0.08107,-0.74137,0.0016591,0.0073665
IDH1,TRUE,3417_AT1,0,0.19654,1.2777,0.03061,0.082921
IDH2,TRUE,3418_AT1,0,0.01338,0.17737,0.34956,0.51654
IDH3A,TRUE,3419_AT1,1,-0.19026,-1.645,0,0
IDH3B,TRUE,3420_AT1,1,-0.057794,-0.67537,0.0077976,0.026554
IDH3G,TRUE,3421_AT1,0,-0.018233,-0.20344,0.092908,0.1936
IDI1,TRUE,3422_AT1,1,-0.21564,-0.90692,0,0
IDO1,TRUE,3620_AT1,0,0.1151,0.96274,0.28901,0.45188
IDS,TRUE,3423_AT1,0,0.016369,0.22912,0.38573,0.55589
IDUA,TRUE,3425_AT1,1,-0.048778,-0.48987,0.015512,0.047163
IMPA1,TRUE,3612_AT1,1,-0.10485,-0.6715,0.00041477,0.0022523
IMPA2,TRUE,3613_AT1,0,0.070497,0.76526,0.76674,0.85502
IMPDH1,TRUE,3614_AT1,1,-0.077119,-0.89808,0.0020738,0.0087719
IMPDH2,TRUE,3615_AT1,1,-0.12193,-1.0426,0,0
INPP1,TRUE,3628_AT1,1,-0.13903,-2.1822,0,0
INPP4A,TRUE,3631_AT1,1,-0.10536,-1.0219,0.00041477,0.0022523
INPP4B,TRUE,8821_AT1,1,-0.12213,-1.4274,0,0
INPP5A,TRUE,3632_AT1,0,0.074058,0.48814,0.71672,0.82207
INPP5B,TRUE,3633_AT1,1,-0.076041,-0.57865,0.0023227,0.0096886
INPP5E,TRUE,56623_AT1,0,0.008327,0.098459,0.29473,0.45816
INPP5F,TRUE,22876_AT1,0,0.11576,1.2707,0.2847,0.44863
INPP5J,TRUE,27124_AT1,1,-0.041707,-0.41512,0.026711,0.074365
INPPL1,TRUE,3636_AT1,0,0.023479,0.24157,0.48154,0.64752
ISYNA1,TRUE,51477_AT1,1,-0.13481,-1.5969,0,0
ITPA,TRUE,3704_AT1,0,-0.0042268,-0.051496,0.18134,0.32897
ITPK1,TRUE,3705_AT1,0,0.093133,0.76166,0.4774,0.64538
ITPKA,TRUE,3706_AT1,0,-0.0028723,-0.024874,0.19079,0.33948
ITPKB,TRUE,3707_AT1,0,0.017958,0.16691,0.40647,0.57444
ITPKC,TRUE,80271_AT1,0,0.078313,0.84922,0.66321,0.78732
IVD,TRUE,3712_AT1,0,-0.02335,-0.40665,0.073662,0.16175
KCNJ11,TRUE,3767_AT1,0,0.1029,0.98247,0.38391,0.55464
KCNJ8,TRUE,3764_AT1,0,-0.030603,-0.33592,0.050518,0.12291
KDSR,TRUE,2531_AT1,0,0.034533,0.34118,0.64969,0.77719
KHK,TRUE,3795_AT1,0,0.0039906,0.055503,0.24994,0.40909
KMO,TRUE,8564_AT1,0,0.037314,0.55889,0.69647,0.80964
KYNU,TRUE,8942_AT1,0,0.0074732,0.10193,0.28528,0.44863
LALBA,TRUE,3906_AT1,0,0.11727,1.454,0.27557,0.4391
LBR,TRUE,3930_AT1,1,-0.052209,-0.54993,0.012858,0.040789
LCAT,TRUE,3931_AT1,0,-0.032914,-0.48094,0.044795,0.11146
LCT,TRUE,3938_AT1,0,0.11546,1.4452,0.28602,0.44863
LDHA,TRUE,3939_AT1,1,-0.058487,-0.57518,0.0074658,0.025568
LDHB,TRUE,3945_AT1,0,0.0698,0.88777,0.77603,0.86181
LDHC,TRUE,3948_AT1,0,0.0040912,0.035969,0.2506,0.40935
LGSN,TRUE,51557_AT1,0,0.12042,1.5474,0.25425,0.41419
LIPA,TRUE,3988_AT1,0,0.04871,0.6447,0.88071,0.92638
LIPC,TRUE,3990_AT1,0,0.055327,0.75221,0.99146,0.99451
LIPE,TRUE,3991_AT1,0,0.28943,1.0138,0.00091248,0.0047009
LIPF,TRUE,8513_AT1,0,0.031406,0.3985,0.60489,0.74408
LIPG,TRUE,9388_AT1,0,0.061842,0.98267,0.90029,0.93884
LPL,TRUE,4023_AT1,0,0.010293,0.23652,0.31257,0.47546
LPO,TRUE,4025_AT1,1,-0.068187,-1.008,0.0032352,0.012361
LRAT,TRUE,9227_AT1,1,-0.044715,-0.74164,0.020987,0.060744
LSS,TRUE,4047_AT1,0,0.16381,1.2133,0.081709,0.17574
LTA4H,TRUE,4048_AT1,0,-0.012058,-0.11778,0.12534,0.2443
LTC4S,TRUE,4056_AT1,0,-0.01446,-0.26878,0.11232,0.22585
MAN2B1,TRUE,4125_AT1,0,-0.0039085,-0.059724,0.18333,0.33059
MANBA,TRUE,4126_AT1,0,0.075211,1.2039,0.70212,0.81346
MAOA,TRUE,4128_AT1,0,0.024537,0.44051,0.49747,0.66046
MAOB,TRUE,4129_AT1,0,0.077323,0.95509,0.67516,0.79521
MAT1A,TRUE,4143_AT1,0,-0.0048199,-0.017847,0.17628,0.32221
MAT2A,TRUE,4144_AT1,1,-0.16941,-1.5732,0,0
MBOAT1,TRUE,154141_AT1,0,-0.027122,-0.32113,0.061717,0.14294
MBOAT2,TRUE,129642_AT1,0,0.089743,1.0408,0.51829,0.67656
MCCC1,TRUE,56922_AT1,0,0.16444,1.6472,0.079967,0.17323
MCCC2,TRUE,64087_AT1,1,-0.0897,-0.73683,0.0012443,0.005848
MCEE,TRUE,84693_AT1,0,0.10094,1.2621,0.39925,0.56804
MDH1,TRUE,4190_AT1,1,-0.065504,-1.0933,0.0044795,0.016564
MDH1B,TRUE,130752_AT1,1,-0.084957,-0.9603,0.0014932,0.0068702
MDH2,TRUE,4191_AT1,0,0.09849,1.3288,0.42207,0.5906
MDP1,TRUE,145553_AT1,0,0.046591,0.64172,0.84173,0.90325
ME1,TRUE,4199_AT1,1,-0.046117,-0.87242,0.018499,0.05439
ME2,TRUE,4200_AT1,0,0.069298,0.60706,0.78449,0.86841
ME3,TRUE,10873_AT1,0,0.11324,1.1126,0.30137,0.46547
MECR,TRUE,51102_AT1,1,-0.052278,-0.6552,0.012609,0.040212
MGAM,TRUE,8972_AT1,0,0.0097893,0.12474,0.30709,0.47129
MGLL,TRUE,11343_AT1,0,2.08E-05,0.00024042,0.21394,0.36608
MGST2,TRUE,4258_AT1,0,0.036676,0.68526,0.68486,0.80389
MGST3,TRUE,4259_AT1,0,0.35315,1.3351,0.00016591,0.0010152
MINPP1,TRUE,9562_AT1,1,-0.17457,-1.8549,0,0
MIP,TRUE,4284_AT1,0,0.051018,0.91341,0.91746,0.95116
MLYCD,TRUE,23417_AT1,0,0.11954,1.1603,0.26097,0.42185
MMAA,TRUE,166785_AT1,1,-0.10892,-1.1879,0.00033181,0.0018913
MOGAT2,TRUE,80168_AT1,0,0.092391,0.96855,0.48602,0.65097
MPI,TRUE,4351_AT1,1,-0.094085,-1.1407,0.00099544,0.0049793
MPO,TRUE,4353_AT1,0,-0.0014694,-0.021581,0.20224,0.35231
MPST,TRUE,4357_AT1,1,-0.063336,-1.0418,0.0047283,0.01699
MSMO1,TRUE,6307_AT1,1,-0.036781,-0.48836,0.035504,0.092541
MTAP,TRUE,4507_AT1,0,0.017164,0.35658,0.39519,0.56412
MTHFD1,TRUE,4522_AT1,1,-0.053893,-0.61446,0.011116,0.036364
MTHFD1L,TRUE,25902_AT1,1,-0.065863,-1.0178,0.0040647,0.01517
MTHFD2,TRUE,10797_AT1,0,0.0096056,0.12623,0.30585,0.47028
MTHFD2L,TRUE,441024_AT1,0,0.015977,0.28323,0.38092,0.55262
MTHFR,TRUE,4524_AT1,1,-0.074155,-1.1201,0.0024056,0.0098807
MTHFS,TRUE,10588_AT1,0,0.038255,0.62455,0.71058,0.81854
MTMR1,TRUE,8776_AT1,0,0.032083,0.41022,0.61501,0.75155
MTMR14,TRUE,64419_AT1,0,0.015334,0.20169,0.37329,0.54381
MTMR2,TRUE,8898_AT1,0,0.082661,0.86332,0.6083,0.74712
MTMR3,TRUE,8897_AT1,0,0.02229,0.34252,0.4662,0.63539
MTMR6,TRUE,9107_AT1,1,-0.046889,-0.51648,0.017337,0.051541
MTMR7,TRUE,9108_AT1,0,0.087825,1.1066,0.54144,0.69362
MTMR8,TRUE,55613_AT1,0,-0.0076064,-0.075442,0.15214,0.28434
MTR,TRUE,4548_AT1,0,-0.0046531,-0.065474,0.17769,0.32381
MUT,TRUE,4594_AT1,0,0.059505,0.8535,0.93895,0.96112
MVK,TRUE,4598_AT1,1,-0.14467,-1.7111,0,0
NADK,TRUE,65220_AT1,1,-0.065431,-0.80123,0.0044795,0.016564
NAGA,TRUE,4668_AT1,0,0.044666,0.3432,0.81261,0.8892
NAGK,TRUE,55577_AT1,0,0.0079029,0.10219,0.29,0.45311
NAGLU,TRUE,4669_AT1,0,0.043551,0.64902,0.7956,0.8787
NAGS,TRUE,162417_AT1,0,-0.022358,-0.31736,0.077976,0.16983
NANP,TRUE,140838_AT1,0,0.027367,0.34912,0.5421,0.69406
NANS,TRUE,54187_AT1,1,-0.088429,-1.2721,0.0012443,0.005848
NDST4,TRUE,64579_AT1,0,-0.018522,-0.30108,0.092576,0.19341
NDUFA1,TRUE,4694_AT1,1,-0.077724,-0.89319,0.0020738,0.0087719
NDUFA10,TRUE,4705_AT1,0,-0.010528,-0.20599,0.13223,0.25414
NDUFA11,TRUE,126328_AT1,1,-0.24682,-3.8474,0,0
NDUFA12,TRUE,55967_AT1,0,0.0255,0.43121,0.51049,0.6692
NDUFA13,TRUE,51079_AT1,1,-0.1541,-1.8676,0,0
NDUFA2,TRUE,4695_AT1,1,-0.40602,-5.4426,0,0
NDUFA3,TRUE,4696_AT1,1,-0.18342,-2.5768,0,0
NDUFA4,TRUE,4697_AT1,0,-0.0061192,-0.071316,0.16358,0.30222
NDUFA5,TRUE,4698_AT1,1,-0.16734,-2.7943,0,0
NDUFA6,TRUE,4700_AT1,1,-0.23335,-2.7941,0,0
NDUFA7,TRUE,4701_AT1,1,-0.14814,-1.4488,0,0
NDUFA8,TRUE,4702_AT1,1,-0.20679,-3.2555,0,0
NDUFA9,TRUE,4704_AT1,0,-0.018015,-0.29956,0.093737,0.195
NDUFAB1,TRUE,4706_AT1,1,-0.24799,-2.5779,0,0
NDUFB1,TRUE,4707_AT1,0,0.079408,0.738,0.64936,0.77719
NDUFB10,TRUE,4716_AT1,1,-0.54815,-6.0602,0,0
NDUFB11,TRUE,54539_AT1,1,-0.28742,-3.1024,0,0
NDUFB2,TRUE,4708_AT1,1,-0.26119,-2.3802,0,0
NDUFB3,TRUE,4709_AT1,0,0.1007,0.75813,0.40182,0.56955
NDUFB4,TRUE,4710_AT1,1,-0.10248,-1.3859,0.00041477,0.0022523
NDUFB5,TRUE,4711_AT1,1,-0.1418,-1.2242,0,0
NDUFB6,TRUE,4712_AT1,1,-0.078577,-0.89707,0.0019909,0.0084507
NDUFB7,TRUE,4713_AT1,1,-0.12181,-1.8998,0,0
NDUFB8,TRUE,4714_AT1,1,-0.11951,-1.4521,0,0
NDUFB9,TRUE,4715_AT1,1,-0.2921,-3.2057,0,0
NDUFC1,TRUE,4717_AT1,0,0.033529,0.40186,0.6355,0.76861
NDUFC2,TRUE,4718_AT1,0,0.034315,0.24595,0.64737,0.77719
NDUFS1,TRUE,4719_AT1,1,-0.20576,-2.6219,0,0
NDUFS2,TRUE,4720_AT1,1,-0.38589,-4.9629,0,0
NDUFS3,TRUE,4722_AT1,1,-0.067182,-0.91718,0.003484,0.013208
NDUFS4,TRUE,4724_AT1,0,0.13735,1.6033,0.16533,0.30497
NDUFS5,TRUE,4725_AT1,1,-0.32479,-3.357,0,0
NDUFS6,TRUE,4726_AT1,0,-0.029069,-0.26711,0.055164,0.13142
NDUFS7,TRUE,374291_AT1,1,-0.22771,-2.9293,0,0
NDUFS8,TRUE,4728_AT1,1,-0.34798,-4.2516,0,0
NDUFV1,TRUE,4723_AT1,1,-0.086353,-0.8099,0.0012443,0.005848
NDUFV2,TRUE,4729_AT1,0,-0.024552,-0.26665,0.070676,0.15778
NDUFV3,TRUE,4731_AT1,1,-0.035654,-0.53412,0.03791,0.097234
NEU1,TRUE,4758_AT1,0,0.15657,1.8824,0.1017,0.20868
NIT2,TRUE,56954_AT1,0,0.04683,0.6377,0.8462,0.90555
NME1,TRUE,4830_AT1,1,-0.1172,-1.493,0,0
NME2,TRUE,4831_AT1,0,0.022231,0.2303,0.46504,0.63416
NME3,TRUE,4832_AT1,0,0.080993,1.1035,0.62804,0.76321
NME4,TRUE,4833_AT1,0,-0.0088535,-0.15024,0.14367,0.27163
NME6,TRUE,10201_AT1,0,0.053771,0.51893,0.96292,0.97752
NME7,TRUE,29922_AT1,1,-0.074477,-0.88317,0.0024056,0.0098807
NNMT,TRUE,4837_AT1,0,0.072661,0.91016,0.73679,0.83674
NNT,TRUE,23530_AT1,0,0.0041863,0.074509,0.2516,0.41042
NOS1,TRUE,4842_AT1,0,0.034074,0.42886,0.64397,0.77552
NOS2,TRUE,4843_AT1,1,-0.04733,-0.41334,0.017088,0.051053
NOS3,TRUE,4846_AT1,0,0.019677,0.25328,0.4297,0.59919
NPC1,TRUE,4864_AT1,1,-0.069808,-0.77543,0.0031522,0.012258
NPC1L1,TRUE,29881_AT1,0,0.15629,1.8921,0.10253,0.20985
NPR1,TRUE,4881_AT1,0,0.16466,1.1237,0.079054,0.17156
NPR2,TRUE,4882_AT1,0,0.10008,1.2297,0.4083,0.57601
NQO1,TRUE,1728_AT1,0,0.020618,0.24773,0.44206,0.61042
NSDHL,TRUE,50814_AT1,0,0.14442,1.9203,0.13928,0.26399
NT5C1B,TRUE,93034_AT1,0,0.0065156,0.077904,0.27648,0.43942
NT5C3A,TRUE,51251_AT1,1,-0.045627,-0.67853,0.019079,0.055893
NT5E,TRUE,4907_AT1,1,-0.052011,-0.78624,0.012941,0.040999
NUDT5,TRUE,11164_AT1,0,0.036655,0.51055,0.68436,0.8037
OAT,TRUE,4942_AT1,1,-0.061655,-0.66574,0.0055579,0.019822
ODC1,TRUE,4953_AT1,1,-0.16304,-2.1288,0,0
OGDH,TRUE,4967_AT1,1,-0.1333,-1.5202,0,0
OTC,TRUE,5009_AT1,0,0.12701,1.3992,0.21875,0.37193
OXCT1,TRUE,5019_AT1,0,0.060727,0.65148,0.91945,0.95161
OXCT2,TRUE,64064_AT1,1,-0.037401,-0.76683,0.03426,0.090175
OXSM,TRUE,54995_AT1,0,0.00031962,0.0044906,0.21701,0.37001
PAH,TRUE,5053_AT1,0,0.049839,0.52724,0.89722,0.93712
PAICS,TRUE,10606_AT1,1,-0.13479,-1.2319,0,0
PANK1,TRUE,53354_AT1,0,0.02804,0.39795,0.5528,0.69963
PANK2,TRUE,80025_AT1,0,-0.013031,-0.17693,0.11895,0.23527
PANK3,TRUE,79646_AT1,0,0.080354,1.0382,0.63559,0.76861
PANK4,TRUE,55229_AT1,0,0.087347,0.86126,0.54791,0.69763
PAPSS1,TRUE,9061_AT1,0,0.083511,0.46423,0.59776,0.73794
PAPSS2,TRUE,9060_AT1,0,0.048832,0.85221,0.88262,0.92723
PC,TRUE,5091_AT1,0,0.073037,1.0809,0.73181,0.83384
PCBD1,TRUE,5092_AT1,0,0.1024,1.0899,0.38756,0.55785
PCBD2,TRUE,84105_AT1,0,-0.0095878,-0.1107,0.13828,0.26273
PCK1,TRUE,5105_AT1,0,0.017629,0.33525,0.40091,0.56926
PCK2,TRUE,5106_AT1,0,0.11815,1.1685,0.26985,0.43172
PDE10A,TRUE,10846_AT1,0,-0.028108,-0.45926,0.059146,0.13872
PDE11A,TRUE,50940_AT1,1,-0.079738,-1.274,0.0019909,0.0084507
PDE1A,TRUE,5136_AT1,0,0.013919,0.17846,0.35603,0.52341
PDE1B,TRUE,5153_AT1,0,-0.020034,-0.28669,0.087101,0.18486
PDE1C,TRUE,5137_AT1,0,-0.029777,-0.43284,0.052924,0.12773
PDE2A,TRUE,5138_AT1,0,0.020044,0.32186,0.43492,0.60334
PDE3A,TRUE,5139_AT1,0,0.023149,0.45468,0.47764,0.64538
PDE3B,TRUE,5140_AT1,0,0.15492,1.5543,0.10601,0.21531
PDE4A,TRUE,5141_AT1,0,-0.032502,-0.56575,0.045873,0.11379
PDE4B,TRUE,5142_AT1,0,0.06558,0.66502,0.84173,0.90325
PDE4C,TRUE,5143_AT1,0,-0.0099312,-0.1399,0.13604,0.25908
PDE4D,TRUE,5144_AT1,0,0.061938,0.84897,0.89896,0.93827
PDE5A,TRUE,8654_AT1,0,0.071066,0.94969,0.75894,0.8491
PDE6A,TRUE,5145_AT1,1,-0.13935,-1.7676,0,0
PDE6B,TRUE,5158_AT1,0,0.0014534,0.02087,0.22563,0.37962
PDE6C,TRUE,5146_AT1,0,0.070347,0.99229,0.76831,0.85522
PDE6D,TRUE,5147_AT1,0,0.06341,1.1713,0.87333,0.9231
PDE6G,TRUE,5148_AT1,1,-0.11222,-2.0452,0.00024886,0.0014458
PDE6H,TRUE,5149_AT1,0,0.085582,1.1968,0.57163,0.71492
PDE7A,TRUE,5150_AT1,1,-0.082846,-1.0839,0.0015761,0.0071834
PDE7B,TRUE,27115_AT1,1,-0.061625,-0.87494,0.0055579,0.019822
PDE8A,TRUE,5151_AT1,0,0.13422,1.464,0.18051,0.32821
PDE8B,TRUE,8622_AT1,0,0.085663,1.3268,0.5708,0.71454
PDE9A,TRUE,5152_AT1,0,0.078248,0.82104,0.66396,0.78732
PDHA1,TRUE,5160_AT1,0,0.068073,0.87147,0.80531,0.88655
PDHA2,TRUE,5161_AT1,0,0.078394,1.1626,0.66163,0.78659
PDHB,TRUE,5162_AT1,0,0.14827,2.1476,0.12534,0.2443
PDHX,TRUE,8050_AT1,0,0.091224,0.94526,0.50062,0.66221
PDXK,TRUE,8566_AT1,1,-0.038471,-0.50921,0.031937,0.084895
PDXP,TRUE,57026_AT1,0,0.011401,0.1119,0.32567,0.48983
PECR,TRUE,55825_AT1,0,0.0022961,0.025233,0.23393,0.3895
PFAS,TRUE,5198_AT1,1,-0.084678,-0.808,0.0014932,0.0068702
PFKFB1,TRUE,5207_AT1,1,-0.041084,-0.50021,0.027789,0.076747
PFKFB2,TRUE,5208_AT1,1,-0.1138,-1.8049,0.00024886,0.0014458
PFKFB3,TRUE,5209_AT1,1,-0.046582,-0.71946,0.017752,0.052451
PFKFB4,TRUE,5210_AT1,0,-0.020468,-0.22007,0.085608,0.18217
PFKL,TRUE,5211_AT1,0,0.07525,1.1067,0.70162,0.81327
PFKM,TRUE,5213_AT1,1,-0.092593,-1.3252,0.0010784,0.0052104
PFKP,TRUE,5214_AT1,1,-0.17347,-1.7641,0,0
PGAM1,TRUE,5223_AT1,1,-0.38626,-2.767,0,0
PGAM2,TRUE,5224_AT1,0,0.090175,0.78257,0.51373,0.67206
PGAP1,TRUE,80055_AT1,0,0.083223,1.0989,0.60025,0.73943
PGD,TRUE,5226_AT1,1,-0.12055,-1.0282,0,0
PGK1,TRUE,5230_AT1,1,-0.24214,-2.3799,0,0
PGK2,TRUE,5232_AT1,1,-0.045764,-0.59886,0.018913,0.055542
PGLS,TRUE,25796_AT1,1,-0.09262,-1.1184,0.0010784,0.0052104
PGM1,TRUE,5236_AT1,0,0.10157,1.3888,0.39378,0.56311
PGM2,TRUE,55276_AT1,0,-0.0024714,-0.032826,0.19394,0.34321
PGM2L1,TRUE,283209_AT1,0,0.098521,1.1342,0.42198,0.5906
PGM3,TRUE,5238_AT1,1,-0.078811,-1.2612,0.0019909,0.0084507
PHGDH,TRUE,26227_AT1,0,0.16114,2.0174,0.089423,0.18863
PHOSPHO1,TRUE,162466_AT1,0,0.052719,0.74684,0.94616,0.96702
PHPT1,TRUE,29085_AT1,0,-0.022844,-0.32342,0.075653,0.16522
PHYH,TRUE,5264_AT1,0,0.054793,0.77964,0.97943,0.98729
PI4K2A,TRUE,55361_AT1,0,0.085536,1.1806,0.57229,0.71492
PI4KA,TRUE,5297_AT1,0,-0.0014338,-0.014403,0.20241,0.35231
PI4KB,TRUE,5298_AT1,0,-0.0034781,-0.029908,0.18648,0.33477
PIGA,TRUE,5277_AT1,1,-0.17611,-2.0481,0,0
PIGK,TRUE,10026_AT1,0,-0.0018535,-0.031336,0.199,0.34844
PIK3C2A,TRUE,5286_AT1,0,-0.012942,-0.12504,0.11912,0.23541
PIK3C2B,TRUE,5287_AT1,0,0.0194,0.27846,0.42605,0.59582
PIK3C2G,TRUE,5288_AT1,0,0.079372,1.2972,0.65002,0.77719
PIK3C3,TRUE,5289_AT1,1,-0.3901,-3.2275,0,0
PIK3CA,TRUE,5290_AT1,1,-0.2282,-3.4401,0,0
PIK3CB,TRUE,5291_AT1,0,-0.0087,-0.098051,0.14459,0.27256
PIK3CD,TRUE,5293_AT1,0,-0.023819,-0.45462,0.072335,0.15956
PIK3CG,TRUE,5294_AT1,1,-0.047245,-0.93366,0.017088,0.051053
PIK3R1,TRUE,5295_AT1,0,0.11306,0.87432,0.30187,0.46547
PIK3R2,TRUE,5296_AT1,1,-0.072329,-0.70762,0.0026545,0.010649
PIK3R3,TRUE,8503_AT1,0,0.067697,0.77025,0.81037,0.88809
PIK3R5,TRUE,23533_AT1,0,-0.0010872,-0.016253,0.20448,0.35434
PIKFYVE,TRUE,200576_AT1,0,0.11161,1.0484,0.31157,0.47514
PIP5K1A,TRUE,8394_AT1,0,-0.0085475,-0.097959,0.14567,0.27373
PIP5K1B,TRUE,8395_AT1,0,-0.027735,-0.51267,0.060224,0.14068
PIP5K1C,TRUE,23396_AT1,0,0.096672,1.2472,0.44007,0.60825
PIP5KL1,TRUE,138429_AT1,0,-0.033825,-0.35216,0.041808,0.10456
PIPOX,TRUE,51268_AT1,0,0.045668,0.55314,0.82746,0.89445
PKLR,TRUE,5313_AT1,0,0.081267,0.86013,0.62389,0.7597
PKM,TRUE,5315_AT1,1,-0.21422,-2.6439,0,0
PLA2G10,TRUE,8399_AT1,1,-0.13082,-1.7943,0,0
PLA2G12A,TRUE,81579_AT1,0,-0.025773,-0.32747,0.065948,0.15071
PLA2G1B,TRUE,5319_AT1,1,-0.039806,-0.62812,0.030029,0.081716
PLA2G2A,TRUE,5320_AT1,1,-0.1029,-1.4526,0.00041477,0.0022523
PLA2G2E,TRUE,30814_AT1,0,0.059482,0.89716,0.9392,0.96112
PLA2G2F,TRUE,64600_AT1,0,-0.0042138,-0.058647,0.18134,0.32897
PLA2G3,TRUE,50487_AT1,1,-0.097194,-1.3909,0.00091248,0.0047009
PLA2G4A,TRUE,5321_AT1,0,-0.024675,-0.38692,0.070095,0.15677
PLA2G4B,TRUE,100137049_AT1,1,-0.048845,-0.87533,0.015429,0.047029
PLA2G5,TRUE,5322_AT1,0,0.060841,1.0671,0.91763,0.95116
PLA2G6,TRUE,8398_AT1,1,-0.10348,-1.797,0.00041477,0.0022523
PLA2G7,TRUE,7941_AT1,0,0.040416,0.69541,0.7465,0.84188
PLCB1,TRUE,23236_AT1,0,-0.024196,-0.35334,0.071589,0.15893
PLCB2,TRUE,5330_AT1,0,0.056772,0.71914,0.9859,0.99
PLCB3,TRUE,5331_AT1,0,0.083073,1.2064,0.60241,0.7414
PLCB4,TRUE,5332_AT1,0,0.051899,0.6569,0.9319,0.95812
PLCD1,TRUE,5333_AT1,0,0.077061,1.0937,0.67806,0.79785
PLCD4,TRUE,84812_AT1,1,-0.11292,-1.7752,0.00024886,0.0014458
PLCE1,TRUE,51196_AT1,1,-0.13099,-1.8432,0,0
PLCG1,TRUE,5335_AT1,0,-0.030967,-0.36056,0.049772,0.1217
PLCG2,TRUE,5336_AT1,1,-0.080183,-0.80546,0.001825,0.0080292
PLCH1,TRUE,23007_AT1,0,0.21297,2.2641,0.017669,0.052451
PLCL1,TRUE,5334_AT1,0,0.02826,0.45324,0.55628,0.70225
PLCZ1,TRUE,89869_AT1,0,0.025093,0.23942,0.50444,0.66528
PLD1,TRUE,5337_AT1,0,0.15302,0.83241,0.1119,0.22521
PLD2,TRUE,5338_AT1,1,-0.044187,-0.55993,0.021817,0.062619
PMM1,TRUE,5372_AT1,1,-0.085847,-1.3771,0.0013273,0.0062016
PMM2,TRUE,5373_AT1,1,-0.21348,-2.3079,0,0
PMVK,TRUE,10654_AT1,1,-0.17628,-2.081,0,0
PNLIP,TRUE,5406_AT1,0,0.032775,0.38447,0.62431,0.75982
PNLIPRP1,TRUE,5407_AT1,0,0.035116,0.5749,0.66006,0.78549
PNLIPRP3,TRUE,119548_AT1,1,-0.060051,-0.74552,0.0065533,0.022767
PNMT,TRUE,5409_AT1,1,-0.063608,-0.96472,0.0047283,0.01699
PNPLA2,TRUE,57104_AT1,1,-0.11157,-1.8476,0.00024886,0.0014458
PNPLA3,TRUE,80339_AT1,1,-0.051466,-0.54819,0.013355,0.042147
PNPLA4,TRUE,8228_AT1,1,-0.063693,-1.0881,0.0047283,0.01699
PON3,TRUE,5446_AT1,0,0.064812,0.9288,0.8511,0.90917
PPA1,TRUE,5464_AT1,1,-0.084538,-1.5201,0.0014932,0.0068702
PPA2,TRUE,27068_AT1,1,-0.40206,-4.5244,0,0
PPAT,TRUE,5471_AT1,1,-0.12299,-1.1406,0,0
PPCDC,TRUE,60490_AT1,1,-0.0703,-0.99215,0.0030693,0.011994
PPCS,TRUE,79717_AT1,0,0.0030961,0.034942,0.24156,0.3989
PPOX,TRUE,5498_AT1,1,-0.18687,-2.3788,0,0
PPT1,TRUE,5538_AT1,0,-0.015389,-0.28841,0.10693,0.21646
PPT2,TRUE,9374_AT1,0,0.086167,0.76902,0.56408,0.70844
PRDX1,TRUE,5052_AT1,0,0.038608,0.5073,0.71564,0.82199
PRDX2,TRUE,7001_AT1,0,-0.02554,-0.40762,0.067192,0.15254
PRDX3,TRUE,10935_AT1,0,-0.023638,-0.33151,0.072833,0.16037
PRDX6,TRUE,9588_AT1,0,0.1476,1.2825,0.12742,0.24754
PRODH,TRUE,5625_AT1,0,0.17748,1.3137,0.052426,0.12665
PRODH2,TRUE,58510_AT1,0,0.12702,1.5839,0.21858,0.37191
PRPS1,TRUE,5631_AT1,1,-0.059142,-0.90456,0.0069681,0.024034
PRPS1L1,TRUE,221823_AT1,0,0.057301,0.88082,0.97669,0.9861
PRPS2,TRUE,5634_AT1,1,-0.17117,-0.71404,0,0
PSAT1,TRUE,29968_AT1,0,0.13293,1.5643,0.18756,0.33596
PSPH,TRUE,5723_AT1,0,0.10869,0.95657,0.33397,0.49919
PTDSS1,TRUE,9791_AT1,0,-0.0037057,-0.046712,0.18449,0.33184
PTEN,TRUE,5728_AT1,0,0.41717,3.1285,0,0
PTGDS,TRUE,5730_AT1,1,-0.055521,-0.71983,0.0097885,0.032507
PTGES,TRUE,9536_AT1,0,0.1397,1.4748,0.15628,0.29052
PTGES3,TRUE,10728_AT1,1,-0.091887,-0.99578,0.0010784,0.0052104
PTGIS,TRUE,5740_AT1,0,-0.020482,-0.22737,0.085359,0.1818
PTGS1,TRUE,5742_AT1,1,-0.086581,-1.2389,0.0012443,0.005848
PTGS2,TRUE,5743_AT1,0,0.17705,1.3306,0.053422,0.12867
PTPDC1,TRUE,138639_AT1,0,-0.021636,-0.28802,0.081294,0.17516
PTPMT1,TRUE,114971_AT1,1,-1.2333,-9.123,0,0
PTS,TRUE,5805_AT1,0,0.18903,2.3815,0.037412,0.096471
PYCR1,TRUE,5831_AT1,0,-0.018984,-0.32406,0.091,0.19095
PYCR2,TRUE,29920_AT1,0,0.013534,0.27162,0.35172,0.51865
PYCRL,TRUE,65263_AT1,1,-0.045751,-0.93144,0.018996,0.055718
PYGB,TRUE,5834_AT1,1,-0.058311,-0.89196,0.0076317,0.026062
PYGL,TRUE,5836_AT1,0,0.045507,0.58333,0.82497,0.89393
PYGM,TRUE,5837_AT1,0,-0.0060465,-0.11672,0.16425,0.30322
QDPR,TRUE,5860_AT1,1,-0.17236,-2.3448,0,0
RBKS,TRUE,64080_AT1,0,0.027308,0.31452,0.54085,0.69362
RDH10,TRUE,157506_AT1,0,0.055827,0.85298,0.99909,0.99909
RDH11,TRUE,51109_AT1,0,0.077817,1.2865,0.66844,0.78923
RDH12,TRUE,145226_AT1,1,-0.062273,-1.0343,0.0050601,0.018128
RDH13,TRUE,112724_AT1,1,-0.13528,-1.6954,0,0
RDH14,TRUE,57665_AT1,0,0.074417,0.7524,0.71232,0.81937
RDH16,TRUE,8608_AT1,0,0.047749,0.68512,0.86213,0.91644
RDH5,TRUE,5959_AT1,1,-0.091105,-1.4885,0.0010784,0.0052104
RDH8,TRUE,50700_AT1,0,0.034376,0.4772,0.64795,0.77719
RENBP,TRUE,5973_AT1,0,-0.0096234,-0.15332,0.1382,0.26273
RFK,TRUE,55312_AT1,1,-0.084673,-0.8177,0.0014932,0.0068702
RHAG,TRUE,6005_AT1,0,-0.016479,-0.20349,0.10071,0.20699
RHCG,TRUE,51458_AT1,1,-0.1002,-1.2569,0.00091248,0.0047009
RPE,TRUE,6120_AT1,1,-0.15504,-1.8685,0,0
RPIA,TRUE,22934_AT1,0,0.0013177,0.020428,0.22472,0.37862
RPL14,TRUE,9045_AT1,1,-0.18872,-1.9256,0,0
RRM1,TRUE,6240_AT1,1,-0.33379,-2.8882,0,0
RRM2,TRUE,6241_AT1,1,-0.13469,-1.1543,0,0
RRM2B,TRUE,50484_AT1,0,0.0021833,0.016735,0.23243,0.38782
SARDH,TRUE,1757_AT1,0,0.063774,0.92726,0.86786,0.92014
SC5D,TRUE,6309_AT1,0,-0.024807,-0.29266,0.069598,0.15653
SCD,TRUE,6319_AT1,1,-0.3385,-3.4173,0,0
SCD5,TRUE,79966_AT1,0,0.013435,0.175,0.35073,0.51775
SCP2,TRUE,6342_AT1,0,0.11674,1.3449,0.27881,0.44195
SDHA,TRUE,6389_AT1,1,-0.11803,-1.2868,0,0
SDHB,TRUE,6390_AT1,1,-0.064684,-0.89581,0.0045624,0.016768
SDHC,TRUE,6391_AT1,1,-0.13753,-1.9265,0,0
SDHD,TRUE,6392_AT1,1,-0.096075,-0.95649,0.00099544,0.0049793
SDR16C5,TRUE,195814_AT1,1,-0.067894,-0.85469,0.0033181,0.012638
SDR42E1,TRUE,93517_AT1,1,-0.037142,-0.52977,0.034757,0.091087
SDR9C7,TRUE,121214_AT1,1,-0.12882,-2.1011,0,0
SDS,TRUE,10993_AT1,0,0.0068455,0.12877,0.27955,0.44226
SDSL,TRUE,113675_AT1,1,-0.05568,-0.82326,0.0097885,0.032507
SGMS1,TRUE,259230_AT1,0,0.015426,0.15007,0.37404,0.54436
SGMS2,TRUE,166929_AT1,0,0.025378,0.41664,0.50908,0.66834
SGPL1,TRUE,8879_AT1,0,0.034363,0.44248,0.64795,0.77719
SGPP1,TRUE,81537_AT1,1,-0.045527,-0.50551,0.019328,0.056485
SGPP2,TRUE,130367_AT1,0,-0.017674,-0.24583,0.094898,0.1969
SGSH,TRUE,6448_AT1,0,0.075111,0.71793,0.70294,0.81402
SHMT1,TRUE,6470_AT1,0,0.024124,0.44529,0.49067,0.65504
SHMT2,TRUE,6472_AT1,0,0.00058037,0.014297,0.21916,0.37211
SI,TRUE,6476_AT1,0,0.060209,0.80955,0.92816,0.95617
SLC10A1,TRUE,6554_AT1,1,-0.079023,-1.5042,0.0019909,0.0084507
SLC10A2,TRUE,6555_AT1,1,-0.072833,-1.0259,0.0025715,0.010368
SLC10A6,TRUE,345274_AT1,0,0.0084566,0.10224,0.29589,0.45937
SLC11A1,TRUE,6556_AT1,0,0.20384,2.2565,0.024637,0.069555
SLC11A2,TRUE,4891_AT1,0,0.024708,0.23847,0.49971,0.66161
SLC12A1,TRUE,6557_AT1,0,0.04006,0.52223,0.74027,0.839
SLC12A2,TRUE,6558_AT1,0,0.048137,0.80066,0.8701,0.92191
SLC12A3,TRUE,6559_AT1,0,0.029127,0.41244,0.57204,0.71492
SLC12A4,TRUE,6560_AT1,0,0.038989,0.33294,0.72119,0.82603
SLC12A5,TRUE,57468_AT1,1,-0.17749,-2.9084,0,0
SLC12A6,TRUE,9990_AT1,0,-0.011922,-0.15697,0.12576,0.24471
SLC12A7,TRUE,10723_AT1,0,-0.0223,-0.2699,0.078059,0.16986
SLC13A3,TRUE,64849_AT1,0,0.040509,0.60506,0.74766,0.84188
SLC14A1,TRUE,6563_AT1,0,0.080544,1.3171,0.63343,0.76725
SLC14A2,TRUE,8170_AT1,0,0.040469,0.50144,0.74708,0.84188
SLC15A1,TRUE,6564_AT1,1,-0.11699,-1.538,0,0
SLC15A2,TRUE,6565_AT1,0,0.019093,0.27898,0.4219,0.5906
SLC16A1,TRUE,6566_AT1,0,0.090769,1.1829,0.50577,0.66597
SLC16A10,TRUE,117247_AT1,0,0.076503,1.1059,0.68586,0.80389
SLC16A2,TRUE,6567_AT1,0,0.045625,0.67777,0.82688,0.89439
SLC16A3,TRUE,9123_AT1,1,-0.049964,-0.56952,0.015015,0.04671
SLC16A7,TRUE,9194_AT1,0,0.057541,0.70056,0.97304,0.98416
SLC16A8,TRUE,23539_AT1,0,0.15719,2.1426,0.10021,0.20614
SLC17A1,TRUE,6568_AT1,0,0.10044,1.3134,0.40423,0.57195
SLC17A2,TRUE,10246_AT1,0,0.016012,0.33946,0.38117,0.55262
SLC17A3,TRUE,10786_AT1,0,0.091881,1.5204,0.49299,0.65669
SLC17A4,TRUE,10050_AT1,0,0.057118,0.95931,0.98017,0.98755
SLC17A5,TRUE,26503_AT1,0,0.11597,1.1158,0.28345,0.44696
SLC17A6,TRUE,57084_AT1,0,0.078027,0.78338,0.66636,0.78892
SLC17A7,TRUE,57030_AT1,1,-0.13046,-1.6557,0,0
SLC17A8,TRUE,246213_AT1,0,0.0028641,0.04315,0.24007,0.39766
SLC18A1,TRUE,6570_AT1,0,0.026161,0.36492,0.52103,0.67793
SLC18A2,TRUE,6571_AT1,0,-0.015573,-0.3119,0.10618,0.21531
SLC18A3,TRUE,6572_AT1,1,-0.0433,-0.53241,0.023393,0.066588
SLC19A2,TRUE,10560_AT1,0,0.048705,0.61739,0.88071,0.92638
SLC19A3,TRUE,80704_AT1,1,-0.13574,-2.6442,0,0
SLC1A1,TRUE,6505_AT1,0,-0.0022552,-0.021732,0.1956,0.34524
SLC1A3,TRUE,6507_AT1,1,-0.040822,-0.51946,0.027872,0.0768
SLC1A4,TRUE,6509_AT1,0,0.052998,0.44565,0.95048,0.97019
SLC1A5,TRUE,6510_AT1,0,0.00018101,0.0030741,0.21593,0.3691
SLC20A1,TRUE,6574_AT1,0,0.015145,0.20036,0.37105,0.54185
SLC20A2,TRUE,6575_AT1,0,0.026563,0.28823,0.52858,0.68479
SLC22A1,TRUE,6580_AT1,0,0.19017,1.6107,0.036416,0.094206
SLC22A11,TRUE,55867_AT1,0,0.10887,1.5421,0.33289,0.49789
SLC22A12,TRUE,116085_AT1,0,0.041811,0.74763,0.76798,0.85522
SLC22A13,TRUE,9390_AT1,0,0.037346,0.57469,0.69697,0.80983
SLC22A2,TRUE,6582_AT1,0,0.022434,0.3255,0.46802,0.63679
SLC22A3,TRUE,6581_AT1,0,-0.030188,-0.68141,0.051431,0.12462
SLC22A4,TRUE,6583_AT1,0,0.048942,0.73392,0.88428,0.92753
SLC22A5,TRUE,6584_AT1,1,-0.10589,-1.4544,0.00041477,0.0022523
SLC22A6,TRUE,9356_AT1,0,-0.0030005,-0.051367,0.19013,0.33925
SLC22A7,TRUE,10864_AT1,0,-0.0025528,-0.052,0.19361,0.34298
SLC22A8,TRUE,9376_AT1,0,0.11174,1.6472,0.31099,0.47456
SLC22A9,TRUE,114571_AT1,0,0.020495,0.36968,0.44023,0.60825
SLC24A1,TRUE,9187_AT1,0,0.080344,1.1314,0.63567,0.76861
SLC24A2,TRUE,25769_AT1,0,0.098982,1.3314,0.41759,0.58603
SLC24A3,TRUE,57419_AT1,0,0.048147,0.44434,0.87034,0.92191
SLC24A4,TRUE,123041_AT1,1,-0.072424,-1.283,0.0025715,0.010368
SLC25A1,TRUE,6576_AT1,0,0.017024,0.22118,0.39345,0.56311
SLC25A10,TRUE,1468_AT1,1,-0.036922,-0.4175,0.035089,0.091658
SLC25A11,TRUE,8402_AT1,0,0.060126,0.94247,0.92957,0.95696
SLC25A12,TRUE,8604_AT1,0,0.048217,0.63451,0.87159,0.92248
SLC25A13,TRUE,10165_AT1,0,0.078687,1.2426,0.6589,0.78488
SLC25A14,TRUE,9016_AT1,0,0.0055683,0.08742,0.26528,0.42583
SLC25A15,TRUE,10166_AT1,1,-0.13981,-2.052,0,0
SLC25A16,TRUE,8034_AT1,0,0.084938,0.75512,0.58051,0.72293
SLC25A17,TRUE,10478_AT1,1,-0.050498,-0.61741,0.014434,0.045078
SLC25A18,TRUE,83733_AT1,0,-0.012166,-0.17849,0.12501,0.24425
SLC25A19,TRUE,60386_AT1,1,-0.063921,-0.76594,0.0047283,0.01699
SLC25A2,TRUE,83884_AT1,0,-0.033993,-0.56483,0.041642,0.10437
SLC25A20,TRUE,788_AT1,0,-0.0084368,-0.1571,0.14641,0.27471
SLC25A21,TRUE,89874_AT1,0,0.10317,1.1732,0.382,0.55306
SLC25A22,TRUE,79751_AT1,0,-0.025586,-0.33014,0.067109,0.15254
SLC25A26,TRUE,115286_AT1,1,-0.56277,-5.7124,0,0
SLC25A27,TRUE,9481_AT1,1,-0.087567,-1.4233,0.0012443,0.005848
SLC25A28,TRUE,81894_AT1,1,-0.072011,-0.79043,0.0027375,0.010945
SLC25A29,TRUE,123096_AT1,1,-0.051276,-0.51999,0.013521,0.042559
SLC25A37,TRUE,51312_AT1,0,0.017138,0.35522,0.39486,0.56398
SLC25A4,TRUE,291_AT1,0,0.16808,1.8714,0.069929,0.15677
SLC25A5,TRUE,292_AT1,0,0.0029015,0.049774,0.24015,0.39766
SLC25A6,TRUE,293_AT1,1,-0.086257,-0.92299,0.0012443,0.005848
SLC26A2,TRUE,1836_AT1,0,0.073553,1.2393,0.72418,0.82827
SLC26A3,TRUE,1811_AT1,0,0.026458,0.38012,0.5265,0.68284
SLC26A4,TRUE,5172_AT1,1,-0.070331,-1.182,0.0030693,0.011994
SLC27A1,TRUE,376497_AT1,1,-0.074831,-1.0734,0.0024056,0.0098807
SLC27A2,TRUE,11001_AT1,0,0.093219,1.0464,0.4764,0.64538
SLC27A3,TRUE,11000_AT1,0,0.043146,0.5866,0.7893,0.87294
SLC27A4,TRUE,10999_AT1,0,0.05761,0.9339,0.9718,0.98404
SLC27A5,TRUE,10998_AT1,1,-0.082733,-1.0522,0.0016591,0.0073665
SLC27A6,TRUE,28965_AT1,0,0.067456,1.0884,0.81286,0.8892
SLC2A1,TRUE,6513_AT1,0,-0.031846,-0.27152,0.046951,0.11586
SLC2A10,TRUE,81031_AT1,1,-0.17017,-3.2022,0,0
SLC2A11,TRUE,66035_AT1,0,0.020008,0.29744,0.43426,0.60276
SLC2A12,TRUE,154091_AT1,1,-0.16821,-1.6683,0,0
SLC2A13,TRUE,114134_AT1,0,0.0032574,0.042915,0.24314,0.40068
SLC2A14,TRUE,144195_AT1,0,0.045786,0.68895,0.82953,0.89485
SLC2A2,TRUE,6514_AT1,1,-0.072175,-0.94354,0.0026545,0.010649
SLC2A3,TRUE,6515_AT1,0,0.012734,0.18475,0.34285,0.50929
SLC2A4,TRUE,6517_AT1,0,0.040128,0.72844,0.7416,0.83904
SLC2A5,TRUE,6518_AT1,0,0.0031497,0.064211,0.24214,0.39959
SLC2A6,TRUE,11182_AT1,1,-0.073976,-1.1424,0.0024886,0.010135
SLC2A7,TRUE,155184_AT1,0,0.039714,0.57872,0.73405,0.8356
SLC2A8,TRUE,29988_AT1,0,0.095926,0.89766,0.44952,0.61755
SLC2A9,TRUE,56606_AT1,0,0.067245,1.0741,0.81684,0.89113
SLC34A2,TRUE,10568_AT1,0,0.20968,1.4488,0.019826,0.057729
SLC35A2,TRUE,7355_AT1,1,-0.31749,-4.5509,0,0
SLC35B2,TRUE,347734_AT1,1,-0.17943,-2.6787,0,0
SLC37A1,TRUE,54020_AT1,0,0.0088218,0.1369,0.29946,0.46401
SLC38A1,TRUE,81539_AT1,0,0.02704,0.38303,0.53637,0.69044
SLC38A2,TRUE,54407_AT1,0,0.12031,1.3258,0.25516,0.4154
SLC3A1,TRUE,6519_AT1,0,0.065144,0.86776,0.84679,0.90567
SLC3A2,TRUE,6520_AT1,0,0.028274,0.2428,0.55653,0.70225
SLC40A1,TRUE,30061_AT1,0,0.016299,0.20526,0.3844,0.55464
SLC43A1,TRUE,8501_AT1,0,0.057512,0.91889,0.97345,0.98416
SLC43A2,TRUE,124935_AT1,1,-0.11398,-1.8357,0.00024886,0.0014458
SLC4A1,TRUE,6521_AT1,0,-0.030027,-0.39528,0.051514,0.1247
SLC4A10,TRUE,57282_AT1,0,-0.010353,-0.14245,0.13331,0.25528
SLC4A2,TRUE,6522_AT1,1,-0.092437,-1.4869,0.0010784,0.0052104
SLC4A3,TRUE,6508_AT1,1,-0.10655,-1.456,0.00041477,0.0022523
SLC4A4,TRUE,8671_AT1,0,0.077797,0.93437,0.6686,0.78923
SLC4A5,TRUE,57835_AT1,0,0.010507,0.12044,0.31439,0.47703
SLC4A7,TRUE,9497_AT1,0,0.085564,1.1162,0.57196,0.71492
SLC4A8,TRUE,9498_AT1,0,0.044165,0.74377,0.80639,0.88655
SLC4A9,TRUE,83697_AT1,0,0.05123,0.62401,0.92161,0.95199
SLC5A1,TRUE,6523_AT1,0,0.083672,0.76867,0.59618,0.73637
SLC5A10,TRUE,125206_AT1,0,0.10016,0.79773,0.40755,0.57563
SLC5A11,TRUE,115584_AT1,0,0.087604,0.91081,0.54459,0.69629
SLC5A12,TRUE,159963_AT1,0,0.12628,1.5354,0.22281,0.37645
SLC5A2,TRUE,6524_AT1,0,0.15196,2.0978,0.11539,0.23087
SLC5A5,TRUE,6528_AT1,1,-0.050528,-0.61709,0.014434,0.045078
SLC5A6,TRUE,8884_AT1,0,0.038135,0.61161,0.709,0.8175
SLC5A7,TRUE,60482_AT1,0,-0.031267,-0.48054,0.048279,0.11865
SLC5A9,TRUE,200010_AT1,0,0.048905,0.53621,0.88378,0.92753
SLC6A1,TRUE,6529_AT1,0,0.027206,0.33043,0.53911,0.69265
SLC6A11,TRUE,6538_AT1,0,0.031573,0.55478,0.60655,0.74557
SLC6A12,TRUE,6539_AT1,0,-0.029877,-0.35576,0.051846,0.12538
SLC6A13,TRUE,6540_AT1,0,-0.03404,-0.3566,0.041477,0.10417
SLC6A14,TRUE,11254_AT1,0,-0.031181,-0.53823,0.048528,0.11914
SLC6A18,TRUE,348932_AT1,1,-0.095535,-1.2392,0.00099544,0.0049793
SLC6A19,TRUE,340024_AT1,1,-0.090896,-1.1171,0.0010784,0.0052104
SLC6A2,TRUE,6530_AT1,0,0.039772,0.51553,0.73538,0.83593
SLC6A20,TRUE,54716_AT1,0,0.07793,1.064,0.66719,0.78892
SLC6A3,TRUE,6531_AT1,0,0.0052847,0.075741,0.26288,0.42393
SLC6A4,TRUE,6532_AT1,1,-0.091351,-1.487,0.0010784,0.0052104
SLC6A5,TRUE,9152_AT1,0,0.15635,1.8685,0.10245,0.20985
SLC6A6,TRUE,6533_AT1,0,0.11313,1.1683,0.30162,0.46547
SLC6A7,TRUE,6534_AT1,0,0.081731,0.96827,0.6185,0.75504
SLC6A8,TRUE,6535_AT1,0,0.066996,0.7322,0.82049,0.89252
SLC6A9,TRUE,6536_AT1,1,-0.069341,-0.72914,0.0032352,0.012361
SLC7A1,TRUE,6541_AT1,1,-0.16115,-2.5162,0,0
SLC7A10,TRUE,56301_AT1,1,-0.043225,-0.65001,0.023725,0.067373
SLC7A11,TRUE,23657_AT1,1,-0.049336,-0.74702,0.015263,0.046939
SLC7A2,TRUE,6542_AT1,1,-0.096786,-1.3964,0.00091248,0.0047009
SLC7A3,TRUE,84889_AT1,0,0.34059,2.575,0.00024886,0.0014458
SLC7A5,TRUE,8140_AT1,0,0.0021704,0.031446,0.23243,0.38782
SLC7A6,TRUE,9057_AT1,0,-0.024525,-0.31532,0.070759,0.15782
SLC7A7,TRUE,9056_AT1,0,-0.012149,-0.10749,0.12501,0.24425
SLC7A8,TRUE,23428_AT1,1,-0.037108,-0.67379,0.03484,0.091205
SLC7A9,TRUE,11136_AT1,0,0.07618,0.6143,0.68984,0.80699
SLC8A1,TRUE,6546_AT1,0,0.087381,1.2956,0.54774,0.69763
SLC9A1,TRUE,6548_AT1,0,0.16961,1.501,0.067607,0.1531
SLC9A2,TRUE,6549_AT1,0,0.10079,1.6256,0.40124,0.56939
SLC9A3,TRUE,6550_AT1,0,-0.016084,-0.16686,0.10319,0.21103
SLC9A4,TRUE,389015_AT1,0,0.14305,1.8598,0.14409,0.27204
SLC9A5,TRUE,6553_AT1,0,0.10709,1.4203,0.34583,0.51153
SLC9A7,TRUE,84679_AT1,1,-0.078758,-1.4066,0.0019909,0.0084507
SLC9A8,TRUE,23315_AT1,0,0.025364,0.15211,0.50883,0.66834
SLCO1A2,TRUE,6579_AT1,0,0.086604,1.0756,0.55703,0.70241
SLCO1B1,TRUE,10599_AT1,0,-0.027062,-0.34107,0.061717,0.14294
SLCO1B3,TRUE,28234_AT1,0,0.087248,0.92754,0.54873,0.69773
SLCO1C1,TRUE,53919_AT1,0,-0.014318,-0.24633,0.1129,0.22664
SLCO2A1,TRUE,6578_AT1,1,-0.063784,-0.89509,0.0047283,0.01699
SLCO2B1,TRUE,11309_AT1,0,0.065498,0.77575,0.84255,0.90325
SLCO3A1,TRUE,28232_AT1,0,-0.01332,-0.22973,0.11804,0.23424
SLCO4A1,TRUE,28231_AT1,1,-0.1242,-1.7437,0,0
SMPD1,TRUE,6609_AT1,0,0.061395,0.73049,0.90734,0.94534
SMPD2,TRUE,6610_AT1,1,-0.048356,-0.54945,0.015927,0.048241
SMPD3,TRUE,55512_AT1,1,-0.047492,-0.43646,0.016674,0.050062
SMPD4,TRUE,55627_AT1,1,-0.05867,-1.1152,0.0073828,0.02532
SMS,TRUE,6611_AT1,1,-0.21261,-3.2008,0,0
SOAT1,TRUE,6646_AT1,0,0.11138,1.3952,0.31323,0.47617
SOAT2,TRUE,8435_AT1,0,0.018825,0.2662,0.41717,0.58579
SOD1,TRUE,6647_AT1,1,-0.071498,-0.53276,0.0029034,0.011457
SOD2,TRUE,6648_AT1,1,-0.35457,-4.0473,0,0
SOD3,TRUE,6649_AT1,0,-0.01953,-0.33034,0.088511,0.18703
SORD,TRUE,6652_AT1,0,0.02348,0.37474,0.48154,0.64752
SPHK1,TRUE,8877_AT1,0,0.026659,0.24667,0.53032,0.68594
SPHK2,TRUE,56848_AT1,0,0.010854,0.13048,0.31904,0.48226
SPR,TRUE,6697_AT1,0,0.020316,0.24122,0.43799,0.60655
SPTLC1,TRUE,10558_AT1,1,-0.08346,-1.0966,0.0015761,0.0071834
SPTLC2,TRUE,9517_AT1,1,-0.14731,-2.2728,0,0
SPTLC3,TRUE,55304_AT1,0,0.005548,0.105,0.26512,0.42583
SQLE,TRUE,6713_AT1,1,-0.14803,-1.6296,0,0
SRD5A1,TRUE,6715_AT1,0,0.037627,0.5716,0.70137,0.81327
SRM,TRUE,6723_AT1,1,-0.045003,-0.24182,0.020075,0.058313
STS,TRUE,412_AT1,0,0.021934,0.42244,0.46064,0.62924
SUCLA2,TRUE,8803_AT1,0,0.021077,0.31583,0.4482,0.61643
SUCLG1,TRUE,8802_AT1,1,-0.098777,-1.6175,0.00091248,0.0047009
SUCLG2,TRUE,8801_AT1,0,0.051499,0.49693,0.92559,0.95408
SULT1A1,TRUE,6817_AT1,1,-0.16497,-2.3101,0,0
SULT1B1,TRUE,27284_AT1,0,0.19529,1.6543,0.031605,0.084479
SULT1E1,TRUE,6783_AT1,0,0.027877,0.40168,0.55015,0.69774
SULT2A1,TRUE,6822_AT1,0,-0.021362,-0.31878,0.081875,0.17594
SUOX,TRUE,6821_AT1,0,-0.028393,-0.53557,0.057818,0.1364
SYNJ1,TRUE,8867_AT1,0,0.077195,0.67976,0.6769,0.79688
SYNJ2,TRUE,8871_AT1,0,0.064572,0.40671,0.85533,0.91205
TALDO1,TRUE,6888_AT1,1,-0.039831,-0.65949,0.029863,0.081356
TAT,TRUE,6898_AT1,0,0.03099,0.45829,0.59983,0.73937
TBXAS1,TRUE,6916_AT1,0,0.16004,1.3139,0.092327,0.19323
TCIRG1,TRUE,10312_AT1,0,0.089645,1.0814,0.51937,0.67686
TDO2,TRUE,6999_AT1,0,0.042735,0.6852,0.78225,0.86673
TECR,TRUE,9524_AT1,0,-0.032213,-0.37982,0.046371,0.1149
TH,TRUE,7054_AT1,0,0.094728,0.78537,0.46139,0.6299
THNSL1,TRUE,79896_AT1,0,0.079173,0.89709,0.65334,0.77903
TK1,TRUE,7083_AT1,0,0.044163,0.56959,0.80639,0.88655
TK2,TRUE,7084_AT1,1,-0.086021,-1.1935,0.0013273,0.0062016
TKT,TRUE,7086_AT1,1,-0.10797,-1.3934,0.00033181,0.0018913
TKTL1,TRUE,8277_AT1,0,0.042655,0.41395,0.78142,0.86621
TKTL2,TRUE,84076_AT1,0,0.084777,1.0138,0.58225,0.72473
TM7SF2,TRUE,7108_AT1,0,0.12246,0.90231,0.24305,0.40068
TMLHE,TRUE,55217_AT1,1,-0.084922,-1.4963,0.0014932,0.0068702
TPH2,TRUE,121278_AT1,1,-0.057262,-0.57583,0.0083783,0.028331
TPI1,TRUE,7167_AT1,1,-0.44628,-4.6711,0,0
TPK1,TRUE,27010_AT1,0,-0.013497,-0.20011,0.11763,0.23377
TPO,TRUE,7173_AT1,0,-0.0033155,-0.045496,0.18805,0.3361
TPTE2,TRUE,93492_AT1,1,-0.049196,-0.6402,0.015263,0.046939
TST,TRUE,7263_AT1,0,0.0091254,0.15756,0.3017,0.46547
TSTA3,TRUE,7264_AT1,1,-0.20382,-3.239,0,0
TXNRD1,TRUE,7296_AT1,0,0.049414,0.66359,0.89117,0.93249
TXNRD2,TRUE,10587_AT1,1,-0.036246,-0.46968,0.036416,0.094206
TYMP,TRUE,1890_AT1,1,-0.038117,-0.63232,0.032849,0.086747
TYMS,TRUE,7298_AT1,0,0.070416,0.82048,0.7679,0.85522
TYR,TRUE,7299_AT1,0,-0.013532,-0.18174,0.11754,0.23377
TYRP1,TRUE,7306_AT1,0,0.10404,1.216,0.37412,0.54436
UAP1,TRUE,6675_AT1,0,-0.004169,-0.053621,0.18167,0.32898
UAP1L1,TRUE,91373_AT1,0,0.112,1.2391,0.309,0.47327
UCK1,TRUE,83549_AT1,0,0.063219,1.0266,0.8774,0.92618
UCK2,TRUE,7371_AT1,0,-0.0080874,-0.067897,0.14873,0.27885
UCKL1,TRUE,54963_AT1,1,-0.037176,-0.49126,0.034757,0.091087
UCP1,TRUE,7350_AT1,1,-0.052182,-0.74247,0.012858,0.040789
UCP2,TRUE,7351_AT1,0,0.071322,1.0322,0.75396,0.8451
UCP3,TRUE,7352_AT1,0,0.011141,0.23153,0.32236,0.48655
UGCG,TRUE,7357_AT1,0,0.043947,0.55847,0.80324,0.88632
UGGT1,TRUE,56886_AT1,1,-0.1656,-1.7997,0,0
UGGT2,TRUE,55757_AT1,0,-0.018418,-0.20854,0.092576,0.19341
UGP2,TRUE,7360_AT1,0,0.071584,0.78929,0.75131,0.84367
UGT1A1,TRUE,54658_AT1,0,0.01722,0.40448,0.39652,0.56568
UGT1A3,TRUE,54659_AT1,0,0.025361,0.90242,0.50875,0.66834
UGT1A4,TRUE,54657_AT1,0,0.02395,0.86578,0.48743,0.6518
UGT1A6,TRUE,54578_AT1,0,0.025984,0.94071,0.51713,0.67551
UGT1A8,TRUE,54576_AT1,0,0.017353,0.63833,0.39818,0.56704
UGT1A9,TRUE,54600_AT1,0,0.018906,0.69739,0.4185,0.58697
UGT2B15,TRUE,7366_AT1,1,-0.068381,-1.0027,0.0032352,0.012361
UGT2B4,TRUE,7363_AT1,1,-0.060251,-1.1056,0.0064703,0.022576
UGT8,TRUE,7368_AT1,0,0.030798,0.45819,0.59585,0.73637
UMPS,TRUE,7372_AT1,1,-0.063074,-0.77864,0.0047283,0.01699
UPB1,TRUE,51733_AT1,0,0.03552,0.49526,0.66611,0.78892
UPP1,TRUE,7378_AT1,1,-0.13536,-1.7857,0,0
UPP2,TRUE,151531_AT1,0,0.035234,0.30856,0.66139,0.78659
UPRT,TRUE,139596_AT1,0,0.065045,0.58548,0.84745,0.90567
UQCR10,TRUE,29796_AT1,0,0.0049732,0.048767,0.26014,0.42136
UQCR11,TRUE,10975_AT1,0,0.077897,0.75398,0.66794,0.78923
UQCRB,TRUE,7381_AT1,1,-0.39559,-4.1549,0,0
UQCRC1,TRUE,7384_AT1,1,-0.15837,-2.1228,0,0
UQCRC2,TRUE,7385_AT1,0,0.012776,0.090858,0.34309,0.50929
UQCRFS1,TRUE,7386_AT1,1,-0.45391,-3.9588,0,0
UQCRH,TRUE,7388_AT1,1,-0.38678,-3.9055,0,0
UROD,TRUE,7389_AT1,1,-0.26606,-2.9078,0,0
UROS,TRUE,7390_AT1,1,-0.12686,-1.7714,0,0
WWOX,TRUE,51741_AT1,1,-0.072429,-0.95132,0.0025715,0.010368
XDH,TRUE,7498_AT1,0,0.030918,0.48768,0.59859,0.73821
XYLB,TRUE,9942_AT1,0,-0.024406,-0.42204,0.071008,0.15808
ZADH2,TRUE,284273_AT1,0,0.071946,0.93651,0.74625,0.84188
